order_id,order_date,customer_id,region,category,product,quantity,unit_price,sales,cost,discount
1010,2024-01-01,CUST-013,South,Technology,Phone,13,146.01,1898.13,1677.39,0.1
2901,2024-01-01,CUST-050,North,Office,Binders,10,648.5,6485.0,4961.3,0.05
1865,2024-01-01,CUST-055,South,Technology,Phone,1,307.99,307.99,228.56,0.0
3198,2024-01-01,CUST-015,North,Office,Stapler,3,670.79,2012.37,1737.33,0.0
2374,2024-01-01,CUST-006,South,Technology,Phone,6,773.7,4642.2,2832.0,0.15
2827,2024-01-02,CUST-002,North,Technology,Monitor,13,203.42,2644.46,1789.71,0.1
2402,2024-01-03,CUST-054,East,Office,Paper,5,253.36,1266.8,826.9,0.0
2518,2024-01-04,CUST-056,East,Furniture,Chair,13,776.58,10095.54,6988.54,0.1
1812,2024-01-06,CUST-001,North,Office,Pens,1,377.74,377.74,320.85,0.1
2822,2024-01-06,CUST-006,South,Office,Binders,3,554.08,1662.24,1406.22,0.0
3581,2024-01-06,CUST-016,South,Technology,Laptop,13,274.26,3565.38,2357.03,0.0
1061,2024-01-06,CUST-037,West,Technology,Router,8,331.73,2653.84,1596.72,0.15
3443,2024-01-06,CUST-056,East,Furniture,Bookcase,14,432.29,6052.06,5214.3,0.1
2761,2024-01-06,CUST-054,East,Technology,Laptop,6,557.42,3344.52,2540.34,0.2
3572,2024-01-07,CUST-034,East,Furniture,Chair,10,591.35,5913.5,3524.9,0.05
2404,2024-01-07,CUST-053,West,Technology,Router,15,501.84,7527.6,5426.55,0.0
3585,2024-01-07,CUST-029,North,Office,Stapler,12,760.58,9126.96,7074.36,0.0
1922,2024-01-07,CUST-009,West,Technology,Router,13,143.05,1859.65,1595.36,0.0
1660,2024-01-08,CUST-019,West,Office,Stapler,5,167.44,837.2,668.25,0.2
1183,2024-01-08,CUST-032,North,Office,Pens,1,192.0,192.0,171.75,0.0
3711,2024-01-08,CUST-033,East,Office,Pens,6,310.46,1862.76,1060.92,0.05
1612,2024-01-08,CUST-033,East,Technology,Laptop,3,777.87,2333.61,1915.11,0.1
2397,2024-01-08,CUST-032,North,Office,Paper,7,30.84,215.88,133.07,0.2
2328,2024-01-08,CUST-016,South,Furniture,Table,11,613.22,6745.42,3732.41,0.0
2266,2024-01-08,CUST-037,West,Furniture,Desk,9,579.08,5211.72,3703.59,0.0
1524,2024-01-09,CUST-056,East,Office,Paper,8,730.98,5847.84,4541.28,0.1
2503,2024-01-09,CUST-040,North,Office,Paper,12,636.66,7639.92,6073.08,0.1
1690,2024-01-09,CUST-050,North,Technology,Router,2,564.63,1129.26,802.94,0.15
1417,2024-01-09,CUST-031,West,Technology,Monitor,10,196.43,1964.3,1547.9,0.0
2060,2024-01-09,CUST-058,South,Office,Paper,9,696.22,6265.98,5327.19,0.05
3588,2024-01-09,CUST-039,West,Technology,Laptop,11,257.8,2835.8,1651.65,0.05
1040,2024-01-10,CUST-041,East,Furniture,Desk,12,364.63,4375.56,3487.2,0.1
3996,2024-01-10,CUST-013,South,Technology,Monitor,9,795.33,7157.97,5499.18,0.0
2193,2024-01-10,CUST-022,South,Technology,Monitor,11,739.36,8132.96,6206.09,0.0
2453,2024-01-10,CUST-016,South,Technology,Phone,3,752.11,2256.33,1714.53,0.2
3720,2024-01-10,CUST-026,South,Office,Pens,10,494.43,4944.3,3115.5,0.0
2197,2024-01-10,CUST-054,East,Office,Paper,2,380.9,761.8,668.62,0.05
1670,2024-01-11,CUST-034,East,Furniture,Chair,13,659.78,8577.14,6639.62,0.05
3999,2024-01-11,CUST-005,South,Office,Paper,11,722.7,7949.7,6551.82,0.0
2569,2024-01-11,CUST-059,East,Technology,Phone,10,100.14,1001.4,629.3,0.2
1869,2024-01-12,CUST-054,East,Furniture,Desk,5,798.02,3990.1,3130.35,0.0
3175,2024-01-12,CUST-005,South,Office,Paper,15,20.21,303.15,170.1,0.0
2633,2024-01-12,CUST-053,West,Furniture,Desk,1,241.07,241.07,142.72,0.05
3148,2024-01-12,CUST-052,East,Office,Pens,4,636.75,2547.0,1777.92,0.2
3033,2024-01-13,CUST-036,North,Technology,Phone,2,151.44,302.88,268.74,0.1
1888,2024-01-13,CUST-015,North,Furniture,Table,8,224.85,1798.8,1323.28,0.05
1507,2024-01-13,CUST-006,South,Furniture,Table,9,274.38,2469.42,1596.87,0.05
3864,2024-01-14,CUST-027,South,Furniture,Desk,12,27.96,335.52,199.44,0.15
1993,2024-01-14,CUST-018,South,Office,Pens,2,436.85,873.7,588.06,0.0
2426,2024-01-14,CUST-012,North,Furniture,Table,6,280.74,1684.44,992.22,0.15
3831,2024-01-14,CUST-005,South,Technology,Laptop,7,771.73,5402.11,4047.75,0.1
3727,2024-01-14,CUST-056,East,Technology,Monitor,10,484.51,4845.1,4261.8,0.05
3065,2024-01-15,CUST-043,South,Office,Binders,13,184.14,2393.82,1583.01,0.1
2496,2024-01-16,CUST-040,North,Office,Paper,3,462.18,1386.54,1245.18,0.0
3725,2024-01-16,CUST-052,East,Office,Stapler,1,24.77,24.77,21.46,0.1
3286,2024-01-17,CUST-051,West,Office,Binders,11,639.13,7030.43,4842.09,0.0
1912,2024-01-17,CUST-005,South,Office,Pens,8,436.47,3491.76,2940.0,0.05
1412,2024-01-17,CUST-058,South,Office,Paper,1,97.67,97.67,80.52,0.05
3758,2024-01-17,CUST-008,North,Technology,Laptop,1,164.39,164.39,100.53,0.0
1756,2024-01-17,CUST-029,North,Furniture,Table,1,586.52,586.52,524.37,0.1
3630,2024-01-18,CUST-001,North,Technology,Phone,3,627.79,1883.37,1420.47,0.2
2755,2024-01-18,CUST-018,South,Furniture,Bookcase,15,568.25,8523.75,6199.35,0.05
2596,2024-01-18,CUST-038,North,Technology,Router,14,213.06,2982.84,1754.76,0.2
1428,2024-01-18,CUST-027,South,Furniture,Desk,13,387.39,5036.07,4510.22,0.0
2470,2024-01-18,CUST-052,East,Office,Binders,12,88.06,1056.72,714.96,0.0
2130,2024-01-19,CUST-032,North,Technology,Router,8,256.85,2054.8,1280.72,0.0
3352,2024-01-19,CUST-051,West,Technology,Phone,3,322.55,967.65,596.31,0.0
3945,2024-01-19,CUST-032,North,Furniture,Desk,1,392.19,392.19,215.78,0.0
2564,2024-01-19,CUST-029,North,Technology,Phone,10,318.63,3186.3,2395.3,0.0
3162,2024-01-20,CUST-056,East,Technology,Phone,6,322.27,1933.62,1492.8,0.05
3141,2024-01-20,CUST-038,North,Office,Binders,14,659.33,9230.62,6655.32,0.05
1186,2024-01-20,CUST-036,North,Office,Pens,2,329.72,659.44,533.96,0.05
2173,2024-01-20,CUST-040,North,Office,Paper,10,426.97,4269.7,3470.0,0.1
3657,2024-01-21,CUST-004,South,Furniture,Table,11,384.54,4229.94,3679.5,0.0
1523,2024-01-21,CUST-055,South,Technology,Monitor,11,181.25,1993.75,1551.22,0.1
3396,2024-01-21,CUST-037,West,Office,Binders,11,407.69,4484.59,3295.82,0.0
2049,2024-01-21,CUST-043,South,Office,Binders,11,684.97,7534.67,6685.69,0.05
3419,2024-01-21,CUST-018,South,Furniture,Bookcase,10,187.03,1870.3,1508.8,0.2
2743,2024-01-21,CUST-014,South,Office,Paper,10,496.39,4963.9,2954.6,0.1
1551,2024-01-21,CUST-017,West,Office,Paper,10,795.85,7958.5,6221.1,0.15
2294,2024-01-22,CUST-025,East,Office,Binders,9,478.23,4304.07,3856.14,0.0
2661,2024-01-22,CUST-033,East,Technology,Phone,7,392.52,2747.64,2262.82,0.0
2600,2024-01-22,CUST-046,South,Furniture,Table,2,230.55,461.1,337.42,0.15
3261,2024-01-22,CUST-014,South,Office,Stapler,7,635.88,4451.16,3264.38,0.0
2232,2024-01-23,CUST-015,North,Furniture,Desk,6,681.08,4086.48,2599.38,0.0
1960,2024-01-23,CUST-023,West,Furniture,Table,12,522.85,6274.2,4090.92,0.0
3671,2024-01-23,CUST-016,South,Furniture,Table,15,134.35,2015.25,1187.4,0.05
3265,2024-01-23,CUST-002,North,Office,Binders,11,564.11,6205.21,4395.05,0.2
1478,2024-01-23,CUST-022,South,Office,Binders,15,645.89,9688.35,8272.65,0.0
3304,2024-01-23,CUST-054,East,Office,Pens,13,483.2,6281.6,5426.07,0.0
1721,2024-01-23,CUST-018,South,Office,Stapler,4,270.1,1080.4,651.76,0.1
3452,2024-01-24,CUST-047,East,Office,Pens,6,443.91,2663.46,1639.2,0.0
2548,2024-01-24,CUST-034,East,Office,Pens,15,114.84,1722.6,1312.8,0.1
2367,2024-01-24,CUST-008,North,Technology,Laptop,8,520.3,4162.4,3612.8,0.0
1264,2024-01-24,CUST-049,South,Technology,Router,9,384.12,3457.08,2965.05,0.05
1841,2024-01-24,CUST-022,South,Furniture,Chair,2,426.05,852.1,665.18,0.0
2868,2024-01-24,CUST-040,North,Technology,Monitor,10,507.89,5078.9,4009.9,0.0
2858,2024-01-24,CUST-002,North,Technology,Monitor,10,294.27,2942.7,2062.9,0.2
3776,2024-01-24,CUST-028,East,Technology,Phone,8,678.24,5425.92,4065.52,0.05
1824,2024-01-25,CUST-032,North,Technology,Monitor,12,246.58,2958.96,1827.84,0.0
2839,2024-01-25,CUST-004,South,Office,Pens,5,352.05,1760.25,1384.0,0.2
2695,2024-01-26,CUST-024,East,Office,Stapler,2,520.67,1041.34,891.96,0.0
3913,2024-01-26,CUST-002,North,Furniture,Bookcase,11,424.93,4674.23,4180.77,0.0
1059,2024-01-26,CUST-022,South,Technology,Monitor,11,262.13,2883.43,2399.87,0.0
1792,2024-01-27,CUST-020,East,Furniture,Bookcase,3,627.7,1883.1,1106.07,0.0
3431,2024-01-27,CUST-029,North,Office,Pens,1,634.22,634.22,514.96,0.1
3507,2024-01-27,CUST-013,South,Technology,Laptop,11,170.8,1878.8,1435.72,0.2
2093,2024-01-27,CUST-012,North,Furniture,Chair,4,619.24,2476.96,1949.16,0.0
3428,2024-01-28,CUST-030,North,Technology,Phone,14,283.39,3967.46,2228.1,0.0
1216,2024-01-28,CUST-010,North,Furniture,Chair,15,193.19,2897.85,2051.4,0.0
3915,2024-01-28,CUST-012,North,Furniture,Table,11,680.41,7484.51,4626.93,0.05
3632,2024-01-28,CUST-036,North,Furniture,Bookcase,7,259.42,1815.94,1586.06,0.0
3477,2024-01-28,CUST-013,South,Technology,Monitor,6,324.66,1947.96,1674.42,0.0
3470,2024-01-28,CUST-019,West,Technology,Phone,4,200.45,801.8,589.68,0.0
3669,2024-01-29,CUST-007,North,Technology,Router,1,676.0,676.0,528.13,0.15
3022,2024-01-29,CUST-010,North,Technology,Phone,2,764.69,1529.38,988.94,0.0
1474,2024-01-29,CUST-016,South,Office,Pens,13,595.72,7744.36,5231.85,0.1
2315,2024-01-29,CUST-016,South,Furniture,Chair,15,654.24,9813.6,7564.65,0.15
3980,2024-01-29,CUST-025,East,Technology,Monitor,12,496.53,5958.36,4458.6,0.2
1176,2024-01-30,CUST-015,North,Furniture,Chair,10,744.69,7446.9,6257.7,0.0
2003,2024-01-30,CUST-059,East,Office,Binders,10,722.92,7229.2,4443.6,0.0
1517,2024-01-30,CUST-046,South,Office,Stapler,3,628.8,1886.4,1383.66,0.1
2817,2024-01-30,CUST-007,North,Furniture,Table,13,230.1,2991.3,2249.78,0.1
1566,2024-01-30,CUST-052,East,Office,Stapler,3,496.83,1490.49,1226.25,0.1
3903,2024-01-31,CUST-015,North,Office,Stapler,4,101.31,405.24,351.6,0.0
2951,2024-01-31,CUST-048,North,Office,Binders,6,705.68,4234.08,2490.84,0.0
2549,2024-01-31,CUST-034,East,Office,Binders,4,696.16,2784.64,1643.44,0.0
1852,2024-01-31,CUST-012,North,Office,Pens,13,691.42,8988.46,5965.31,0.05
3464,2024-01-31,CUST-033,East,Furniture,Chair,1,730.98,730.98,455.43,0.0
3651,2024-01-31,CUST-044,North,Furniture,Table,7,568.66,3980.62,3019.94,0.05
3179,2024-02-01,CUST-017,West,Furniture,Desk,2,737.14,1474.28,1194.9,0.15
2131,2024-02-02,CUST-023,West,Furniture,Bookcase,11,143.71,1580.81,1327.59,0.1
2546,2024-02-02,CUST-012,North,Furniture,Chair,15,159.37,2390.55,1789.5,0.1
1396,2024-02-03,CUST-032,North,Technology,Laptop,10,44.07,440.7,359.8,0.0
3326,2024-02-04,CUST-060,North,Office,Pens,15,573.11,8596.65,7422.9,0.15
3540,2024-02-04,CUST-056,East,Technology,Monitor,3,715.9,2147.7,1209.63,0.0
2212,2024-02-04,CUST-040,North,Furniture,Chair,11,368.24,4050.64,2404.82,0.0
1503,2024-02-05,CUST-056,East,Furniture,Desk,8,253.1,2024.8,1393.44,0.2
3154,2024-02-05,CUST-002,North,Office,Stapler,11,272.63,2998.93,1836.23,0.1
3888,2024-02-05,CUST-004,South,Furniture,Desk,4,211.51,846.04,746.4,0.2
3208,2024-02-05,CUST-060,North,Technology,Router,7,604.26,4229.82,2683.73,0.05
2373,2024-02-05,CUST-009,West,Office,Binders,11,145.74,1603.14,1197.35,0.2
2674,2024-02-06,CUST-048,North,Office,Binders,2,310.46,620.92,518.92,0.0
2088,2024-02-06,CUST-036,North,Office,Stapler,1,167.36,167.36,95.24,0.0
2565,2024-02-07,CUST-042,East,Office,Paper,15,380.18,5702.7,3398.1,0.05
3623,2024-02-07,CUST-049,South,Furniture,Desk,4,741.88,2967.52,2407.76,0.0
2377,2024-02-07,CUST-035,East,Office,Binders,12,97.23,1166.76,976.44,0.0
1874,2024-02-08,CUST-046,South,Office,Pens,7,742.72,5199.04,3908.24,0.0
1543,2024-02-08,CUST-028,East,Office,Stapler,7,354.64,2482.48,1780.17,0.0
1292,2024-02-08,CUST-042,East,Technology,Laptop,11,467.82,5146.02,3794.23,0.15
1836,2024-02-08,CUST-029,North,Furniture,Desk,9,255.81,2302.29,1356.66,0.2
2491,2024-02-08,CUST-052,East,Technology,Laptop,10,640.93,6409.3,4595.0,0.2
1294,2024-02-08,CUST-051,West,Furniture,Desk,15,604.22,9063.3,7751.85,0.0
1196,2024-02-08,CUST-051,West,Furniture,Chair,6,415.72,2494.32,1642.86,0.05
2733,2024-02-09,CUST-001,North,Furniture,Chair,8,455.03,3640.24,2267.84,0.0
2765,2024-02-09,CUST-034,East,Office,Paper,3,173.95,521.85,445.89,0.0
1046,2024-02-09,CUST-056,East,Office,Binders,5,144.17,720.85,573.4,0.05
3643,2024-02-09,CUST-003,East,Office,Paper,13,112.44,1461.72,1204.84,0.0
3461,2024-02-10,CUST-044,North,Technology,Router,4,125.07,500.28,387.92,0.0
3212,2024-02-10,CUST-038,North,Technology,Router,3,723.76,2171.28,1417.17,0.0
3579,2024-02-10,CUST-006,South,Office,Stapler,6,39.81,238.86,209.34,0.0
2372,2024-02-10,CUST-056,East,Office,Binders,1,452.68,452.68,375.81,0.0
1042,2024-02-10,CUST-028,East,Technology,Laptop,5,304.43,1522.15,1334.3,0.2
1736,2024-02-10,CUST-047,East,Technology,Laptop,12,314.66,3775.92,3034.08,0.0
1328,2024-02-10,CUST-006,South,Office,Binders,1,229.4,229.4,180.26,0.1
1921,2024-02-11,CUST-011,North,Office,Pens,9,148.7,1338.3,850.23,0.1
3612,2024-02-11,CUST-057,East,Furniture,Bookcase,3,204.7,614.1,452.73,0.0
3876,2024-02-11,CUST-036,North,Furniture,Table,14,776.38,10869.32,7474.18,0.2
1076,2024-02-11,CUST-031,West,Technology,Laptop,6,194.89,1169.34,671.22,0.15
2089,2024-02-11,CUST-031,West,Furniture,Desk,12,384.36,4612.32,2724.12,0.05
3064,2024-02-12,CUST-016,South,Furniture,Bookcase,8,595.91,4767.28,3359.52,0.2
3057,2024-02-12,CUST-018,South,Technology,Router,5,488.1,2440.5,1877.45,0.05
1198,2024-02-12,CUST-039,West,Office,Stapler,8,472.66,3781.28,3342.56,0.15
3621,2024-02-12,CUST-006,South,Technology,Laptop,7,334.1,2338.7,1392.3,0.0
3700,2024-02-12,CUST-009,West,Office,Pens,10,439.83,4398.3,3578.2,0.15
1622,2024-02-12,CUST-020,East,Office,Pens,1,451.75,451.75,336.23,0.0
1798,2024-02-12,CUST-032,North,Office,Pens,14,376.89,5276.46,3357.76,0.05
3476,2024-02-13,CUST-045,North,Technology,Laptop,12,120.45,1445.4,1189.68,0.0
2000,2024-02-13,CUST-028,East,Office,Paper,2,34.67,69.34,49.88,0.05
2634,2024-02-13,CUST-038,North,Furniture,Chair,11,527.33,5800.63,4524.63,0.05
2502,2024-02-13,CUST-006,South,Office,Stapler,9,371.07,3339.63,2862.36,0.15
1463,2024-02-13,CUST-052,East,Technology,Laptop,15,680.87,10213.05,8508.6,0.0
3976,2024-02-14,CUST-029,North,Technology,Laptop,12,155.2,1862.4,1585.2,0.2
3694,2024-02-14,CUST-014,South,Furniture,Table,15,20.33,304.95,187.65,0.0
2677,2024-02-15,CUST-018,South,Office,Stapler,8,34.7,277.6,189.84,0.05
3185,2024-02-15,CUST-018,South,Technology,Monitor,12,369.43,4433.16,2441.28,0.15
2166,2024-02-15,CUST-014,South,Technology,Router,1,115.42,115.42,77.57,0.2
1546,2024-02-16,CUST-009,West,Technology,Router,9,479.16,4312.44,2623.95,0.2
1270,2024-02-16,CUST-036,North,Furniture,Desk,4,489.92,1959.68,1353.12,0.0
1133,2024-02-17,CUST-028,East,Technology,Laptop,8,149.76,1198.08,784.48,0.0
3048,2024-02-18,CUST-058,South,Office,Binders,11,264.65,2911.15,1650.0,0.0
1221,2024-02-18,CUST-036,North,Office,Stapler,2,625.41,1250.82,791.98,0.0
3522,2024-02-18,CUST-017,West,Office,Paper,12,769.77,9237.24,7875.6,0.0
3485,2024-02-18,CUST-004,South,Technology,Phone,8,559.06,4472.48,2488.16,0.2
3186,2024-02-18,CUST-056,East,Office,Stapler,9,762.67,6864.03,4948.83,0.0
1963,2024-02-18,CUST-011,North,Furniture,Desk,8,310.08,2480.64,1614.56,0.2
3514,2024-02-18,CUST-052,East,Technology,Router,12,507.8,6093.6,4362.72,0.05
2283,2024-02-19,CUST-058,South,Technology,Router,12,260.49,3125.88,1776.6,0.0
2717,2024-02-19,CUST-033,East,Office,Pens,13,95.58,1242.54,812.76,0.0
3618,2024-02-19,CUST-014,South,Office,Stapler,2,494.78,989.56,584.14,0.05
2072,2024-02-20,CUST-041,East,Technology,Laptop,8,174.65,1397.2,1111.36,0.0
3367,2024-02-20,CUST-021,North,Technology,Monitor,10,185.6,1856.0,1540.7,0.0
1180,2024-02-20,CUST-047,East,Furniture,Chair,15,61.03,915.45,553.95,0.1
3964,2024-02-20,CUST-042,East,Furniture,Desk,10,562.84,5628.4,3534.4,0.0
3788,2024-02-20,CUST-010,North,Technology,Phone,8,667.79,5342.32,4266.4,0.0
1767,2024-02-20,CUST-019,West,Furniture,Desk,3,282.21,846.63,606.66,0.15
1559,2024-02-21,CUST-058,South,Furniture,Desk,8,791.16,6329.28,4136.88,0.05
3957,2024-02-21,CUST-037,West,Office,Stapler,13,738.9,9605.7,6896.63,0.15
3820,2024-02-21,CUST-023,West,Technology,Laptop,3,690.75,2072.25,1690.62,0.15
3991,2024-02-21,CUST-046,South,Office,Binders,10,691.08,6910.8,4723.5,0.1
3423,2024-02-21,CUST-004,South,Office,Binders,9,703.12,6328.08,5249.97,0.0
2440,2024-02-22,CUST-019,West,Technology,Monitor,15,236.65,3549.75,2117.55,0.2
1880,2024-02-22,CUST-047,East,Office,Pens,1,510.85,510.85,384.34,0.1
2120,2024-02-22,CUST-002,North,Furniture,Desk,4,249.97,999.88,840.2,0.05
2400,2024-02-22,CUST-058,South,Technology,Monitor,2,306.3,612.6,365.52,0.0
2701,2024-02-22,CUST-037,West,Office,Stapler,9,591.78,5326.02,4509.36,0.1
1038,2024-02-22,CUST-044,North,Office,Pens,9,401.05,3609.45,3128.94,0.2
2571,2024-02-23,CUST-013,South,Office,Pens,14,724.25,10139.5,9088.52,0.15
1729,2024-02-23,CUST-047,East,Technology,Laptop,5,395.36,1976.8,1294.0,0.0
3160,2024-02-23,CUST-008,North,Furniture,Desk,4,64.08,256.32,202.28,0.0
3797,2024-02-24,CUST-048,North,Technology,Phone,4,758.66,3034.64,2584.8,0.05
3088,2024-02-24,CUST-057,East,Technology,Laptop,13,70.98,922.74,514.41,0.2
2620,2024-02-24,CUST-038,North,Office,Pens,3,504.29,1512.87,1308.6,0.0
2358,2024-02-25,CUST-045,North,Office,Stapler,2,122.1,244.2,198.6,0.1
2223,2024-02-25,CUST-044,North,Technology,Laptop,4,415.54,1662.16,1400.04,0.2
3860,2024-02-25,CUST-007,North,Office,Binders,3,583.46,1750.38,1254.81,0.0
1571,2024-02-25,CUST-042,East,Furniture,Desk,14,664.62,9304.68,8022.7,0.1
2213,2024-02-26,CUST-025,East,Furniture,Chair,13,119.48,1553.24,1353.95,0.05
1251,2024-02-26,CUST-041,East,Office,Binders,13,773.69,10057.97,7054.84,0.2
1949,2024-02-26,CUST-028,East,Furniture,Desk,13,554.04,7202.52,5525.52,0.0
1975,2024-02-27,CUST-006,South,Office,Stapler,4,402.56,1610.24,1225.56,0.1
1724,2024-02-27,CUST-024,East,Furniture,Chair,6,82.57,495.42,402.6,0.0
1762,2024-02-27,CUST-053,West,Technology,Phone,1,590.02,590.02,443.52,0.0
3155,2024-02-27,CUST-042,East,Furniture,Bookcase,10,610.06,6100.6,3439.4,0.1
1346,2024-02-27,CUST-042,East,Office,Paper,2,336.12,672.24,458.48,0.05
3066,2024-02-27,CUST-010,North,Furniture,Bookcase,15,156.91,2353.65,1675.05,0.15
1472,2024-02-27,CUST-016,South,Office,Binders,5,436.28,2181.4,1803.85,0.15
3071,2024-02-29,CUST-003,East,Technology,Laptop,11,202.26,2224.86,1520.53,0.1
3468,2024-02-29,CUST-059,East,Technology,Monitor,7,306.97,2148.79,1777.51,0.0
1338,2024-03-01,CUST-047,East,Office,Stapler,3,735.18,2205.54,1631.55,0.15
2657,2024-03-01,CUST-002,North,Technology,Phone,7,223.49,1564.43,1043.63,0.2
2979,2024-03-01,CUST-036,North,Office,Pens,4,739.98,2959.92,2263.12,0.0
2676,2024-03-02,CUST-054,East,Technology,Phone,5,478.83,2394.15,1568.5,0.0
3387,2024-03-03,CUST-032,North,Furniture,Table,1,216.65,216.65,152.01,0.0
2143,2024-03-03,CUST-005,South,Technology,Phone,6,333.29,1999.74,1640.46,0.05
3116,2024-03-03,CUST-046,South,Technology,Router,5,590.62,2953.1,2235.9,0.2
3032,2024-03-03,CUST-006,South,Furniture,Table,13,93.34,1213.42,776.88,0.1
1784,2024-03-04,CUST-023,West,Office,Pens,4,796.88,3187.52,2844.88,0.0
1500,2024-03-04,CUST-003,East,Furniture,Table,8,225.45,1803.6,1520.4,0.1
2636,2024-03-05,CUST-023,West,Office,Binders,6,723.99,4343.94,3187.44,0.1
3912,2024-03-05,CUST-053,West,Technology,Phone,14,138.95,1945.3,1369.06,0.1
1639,2024-03-05,CUST-056,East,Technology,Router,6,51.53,309.18,252.48,0.0
3337,2024-03-05,CUST-049,South,Furniture,Chair,5,279.43,1397.15,967.6,0.15
2285,2024-03-05,CUST-002,North,Furniture,Chair,1,282.95,282.95,174.65,0.15
1228,2024-03-05,CUST-012,North,Office,Stapler,12,393.25,4719.0,2896.56,0.0
3992,2024-03-06,CUST-010,North,Office,Paper,11,536.88,5905.68,4255.35,0.0
2555,2024-03-06,CUST-039,West,Furniture,Table,4,462.37,1849.48,1259.28,0.15
3546,2024-03-06,CUST-012,North,Technology,Router,5,316.75,1583.75,914.3,0.1
3445,2024-03-06,CUST-057,East,Technology,Monitor,7,580.18,4061.26,2500.47,0.15
2485,2024-03-07,CUST-024,East,Office,Pens,1,206.83,206.83,125.54,0.0
1098,2024-03-07,CUST-029,North,Furniture,Desk,1,216.93,216.93,184.74,0.0
2945,2024-03-07,CUST-052,East,Furniture,Table,14,98.05,1372.7,928.2,0.0
3020,2024-03-07,CUST-030,North,Furniture,Chair,8,502.67,4021.36,2911.44,0.05
3640,2024-03-07,CUST-059,East,Office,Stapler,6,350.09,2100.54,1733.76,0.1
3686,2024-03-07,CUST-060,North,Office,Stapler,1,227.2,227.2,165.65,0.0
1980,2024-03-08,CUST-006,South,Technology,Monitor,5,390.2,1951.0,1665.45,0.0
3040,2024-03-08,CUST-030,North,Office,Stapler,13,369.39,4802.07,2836.73,0.1
3659,2024-03-08,CUST-053,West,Office,Pens,10,22.36,223.6,142.5,0.15
3233,2024-03-08,CUST-034,East,Furniture,Table,13,78.54,1021.02,775.97,0.05
3863,2024-03-08,CUST-042,East,Technology,Monitor,15,604.46,9066.9,6652.5,0.0
2771,2024-03-09,CUST-011,North,Office,Stapler,1,267.8,267.8,164.09,0.05
1506,2024-03-09,CUST-053,West,Office,Binders,14,484.14,6777.96,4486.44,0.15
1743,2024-03-09,CUST-019,West,Furniture,Table,11,271.18,2982.98,1741.08,0.15
3063,2024-03-10,CUST-008,North,Technology,Laptop,14,322.69,4517.66,2616.88,0.15
3163,2024-03-10,CUST-033,East,Furniture,Table,1,542.32,542.32,430.6,0.1
1224,2024-03-10,CUST-016,South,Office,Stapler,3,538.21,1614.63,936.42,0.0
1487,2024-03-10,CUST-041,East,Office,Pens,8,28.89,231.12,144.08,0.15
1893,2024-03-10,CUST-044,North,Office,Binders,6,447.14,2682.84,2107.32,0.2
3658,2024-03-10,CUST-048,North,Office,Pens,10,204.04,2040.4,1670.9,0.1
3370,2024-03-11,CUST-059,East,Furniture,Chair,11,279.95,3079.45,2492.49,0.0
3348,2024-03-11,CUST-024,East,Technology,Phone,5,798.35,3991.75,3161.65,0.15
1029,2024-03-11,CUST-059,East,Office,Binders,1,769.41,769.41,444.75,0.0
1311,2024-03-11,CUST-038,North,Technology,Laptop,7,288.73,2021.11,1156.68,0.0
1900,2024-03-12,CUST-025,East,Furniture,Chair,5,765.37,3826.85,2459.25,0.05
1122,2024-03-12,CUST-036,North,Technology,Router,4,739.06,2956.24,2151.8,0.0
3840,2024-03-12,CUST-045,North,Technology,Monitor,13,192.63,2504.19,1667.38,0.0
1905,2024-03-12,CUST-037,West,Technology,Router,8,360.12,2880.96,2435.6,0.2
2262,2024-03-12,CUST-013,South,Technology,Router,5,180.6,903.0,588.65,0.1
2873,2024-03-12,CUST-008,North,Office,Pens,14,737.72,10328.08,6256.18,0.05
3227,2024-03-13,CUST-014,South,Technology,Monitor,7,451.37,3159.59,2431.17,0.2
3672,2024-03-13,CUST-047,East,Office,Pens,15,535.96,8039.4,4507.65,0.2
2651,2024-03-13,CUST-023,West,Office,Binders,13,72.38,940.94,658.32,0.05
1748,2024-03-13,CUST-053,West,Furniture,Chair,14,501.21,7016.94,5158.58,0.15
2981,2024-03-13,CUST-026,South,Technology,Router,7,481.3,3369.1,2146.13,0.0
3026,2024-03-13,CUST-056,East,Technology,Laptop,12,608.48,7301.76,5517.24,0.2
3381,2024-03-14,CUST-009,West,Office,Paper,4,798.55,3194.2,2589.56,0.15
3942,2024-03-14,CUST-060,North,Office,Paper,6,87.45,524.7,468.06,0.0
1703,2024-03-14,CUST-010,North,Technology,Phone,7,512.39,3586.73,2690.31,0.2
2248,2024-03-14,CUST-033,East,Office,Paper,13,235.61,3062.93,1928.81,0.0
3837,2024-03-15,CUST-022,South,Furniture,Chair,4,145.33,581.32,390.52,0.0
3580,2024-03-15,CUST-003,East,Technology,Phone,6,518.55,3111.3,2349.72,0.0
2930,2024-03-15,CUST-011,North,Office,Paper,10,739.55,7395.5,5646.5,0.0
1479,2024-03-15,CUST-010,North,Office,Binders,13,106.52,1384.76,1016.73,0.0
1676,2024-03-15,CUST-030,North,Furniture,Chair,5,156.53,782.65,569.15,0.1
1618,2024-03-15,CUST-001,North,Office,Paper,13,601.84,7823.92,4427.8,0.2
1902,2024-03-15,CUST-014,South,Office,Paper,15,364.43,5466.45,3502.05,0.0
3793,2024-03-15,CUST-012,North,Technology,Phone,12,373.05,4476.6,2603.28,0.05
3324,2024-03-16,CUST-004,South,Office,Paper,3,103.99,311.97,220.59,0.0
1615,2024-03-16,CUST-042,East,Technology,Monitor,1,378.2,378.2,251.92,0.0
3949,2024-03-16,CUST-042,East,Furniture,Table,1,461.79,461.79,338.55,0.0
1033,2024-03-16,CUST-030,North,Furniture,Chair,1,377.46,377.46,339.51,0.0
2728,2024-03-16,CUST-033,East,Furniture,Bookcase,8,511.89,4095.12,2987.36,0.2
1356,2024-03-16,CUST-043,South,Furniture,Chair,13,502.52,6532.76,5417.75,0.15
1129,2024-03-17,CUST-059,East,Furniture,Chair,12,132.44,1589.28,1358.52,0.0
1103,2024-03-17,CUST-041,East,Technology,Phone,11,83.33,916.63,581.13,0.1
2654,2024-03-17,CUST-025,East,Office,Pens,2,700.51,1401.02,847.98,0.0
2036,2024-03-18,CUST-020,East,Furniture,Table,4,407.62,1630.48,1380.32,0.2
3177,2024-03-18,CUST-004,South,Furniture,Desk,11,168.81,1856.91,1296.35,0.0
1363,2024-03-19,CUST-032,North,Technology,Laptop,3,359.05,1077.15,751.2,0.05
2463,2024-03-19,CUST-059,East,Furniture,Bookcase,15,227.01,3405.15,2953.8,0.2
1645,2024-03-19,CUST-051,West,Furniture,Chair,9,707.99,6371.91,4485.6,0.0
2750,2024-03-19,CUST-042,East,Furniture,Desk,14,597.61,8366.54,5392.24,0.0
2459,2024-03-19,CUST-032,North,Technology,Laptop,4,99.35,397.4,351.52,0.0
3213,2024-03-19,CUST-019,West,Office,Pens,7,105.55,738.85,446.39,0.2
2544,2024-03-19,CUST-026,South,Technology,Router,13,37.13,482.69,277.94,0.15
1442,2024-03-20,CUST-027,South,Technology,Phone,4,344.68,1378.72,1105.88,0.0
2577,2024-03-20,CUST-023,West,Office,Binders,11,524.76,5772.36,4903.91,0.15
1760,2024-03-20,CUST-015,North,Furniture,Bookcase,2,464.98,929.96,696.7,0.0
2484,2024-03-20,CUST-011,North,Technology,Phone,11,350.89,3859.79,2487.54,0.0
1999,2024-03-21,CUST-015,North,Technology,Monitor,12,196.73,2360.76,1401.96,0.0
3983,2024-03-21,CUST-022,South,Office,Stapler,1,453.19,453.19,317.5,0.2
3966,2024-03-21,CUST-034,East,Technology,Router,7,546.05,3822.35,2672.95,0.0
1352,2024-03-21,CUST-044,North,Office,Pens,7,609.38,4265.66,2555.07,0.15
2893,2024-03-22,CUST-033,East,Technology,Phone,9,770.09,6930.81,5865.66,0.1
3114,2024-03-22,CUST-046,South,Technology,Laptop,7,637.44,4462.08,2818.13,0.0
2295,2024-03-22,CUST-040,North,Technology,Phone,4,595.57,2382.28,1941.64,0.1
2846,2024-03-22,CUST-028,East,Furniture,Chair,3,761.28,2283.84,1461.42,0.15
3323,2024-03-22,CUST-043,South,Furniture,Desk,4,379.8,1519.2,1209.48,0.0
1540,2024-03-23,CUST-022,South,Furniture,Table,3,266.78,800.34,640.65,0.2
1067,2024-03-23,CUST-029,North,Technology,Phone,4,231.94,927.76,614.08,0.1
3796,2024-03-23,CUST-012,North,Furniture,Chair,14,532.41,7453.74,4921.28,0.05
1345,2024-03-23,CUST-026,South,Furniture,Desk,12,196.17,2354.04,1858.32,0.2
3103,2024-03-23,CUST-022,South,Technology,Phone,12,796.18,9554.16,7450.8,0.15
1497,2024-03-24,CUST-039,West,Furniture,Desk,2,40.07,80.14,48.86,0.0
3854,2024-03-24,CUST-007,North,Technology,Router,4,437.71,1750.84,1166.6,0.1
1075,2024-03-24,CUST-022,South,Furniture,Bookcase,13,761.94,9905.22,6909.37,0.2
2763,2024-03-24,CUST-042,East,Technology,Phone,8,572.92,4583.36,3346.08,0.2
2157,2024-03-24,CUST-013,South,Furniture,Table,2,134.31,268.62,187.76,0.05
1305,2024-03-24,CUST-052,East,Office,Binders,13,213.02,2769.26,2254.59,0.2
3874,2024-03-24,CUST-053,West,Furniture,Chair,10,321.94,3219.4,1953.4,0.1
3157,2024-03-24,CUST-034,East,Technology,Monitor,2,608.63,1217.26,1083.74,0.0
3308,2024-03-24,CUST-033,East,Furniture,Table,12,331.88,3982.56,2980.2,0.0
3803,2024-03-25,CUST-040,North,Office,Binders,8,177.7,1421.6,936.56,0.1
1233,2024-03-25,CUST-012,North,Furniture,Table,6,740.96,4445.76,3253.14,0.2
2831,2024-03-25,CUST-012,North,Technology,Router,11,423.53,4658.83,2735.92,0.2
3617,2024-03-25,CUST-013,South,Technology,Monitor,15,23.83,357.45,248.55,0.05
2277,2024-03-25,CUST-046,South,Technology,Phone,11,603.97,6643.67,4781.26,0.0
3449,2024-03-25,CUST-024,East,Office,Stapler,4,101.19,404.76,358.72,0.0
2576,2024-03-25,CUST-018,South,Furniture,Table,4,91.6,366.4,299.76,0.15
3313,2024-03-25,CUST-022,South,Technology,Phone,10,313.94,3139.4,1817.7,0.0
2991,2024-03-26,CUST-058,South,Furniture,Bookcase,7,540.24,3781.68,2412.48,0.0
3670,2024-03-26,CUST-041,East,Office,Pens,2,682.7,1365.4,1182.0,0.1
1659,2024-03-26,CUST-037,West,Technology,Router,3,218.52,655.56,536.28,0.2
2715,2024-03-26,CUST-009,West,Office,Binders,12,617.45,7409.4,6451.56,0.1
3534,2024-03-27,CUST-050,North,Technology,Laptop,6,616.34,3698.04,2520.72,0.0
3535,2024-03-29,CUST-043,South,Technology,Monitor,4,510.76,2043.04,1358.12,0.0
2647,2024-03-29,CUST-013,South,Office,Binders,7,654.79,4583.53,3818.22,0.0
1433,2024-03-29,CUST-005,South,Furniture,Table,12,763.67,9164.04,5805.6,0.0
3190,2024-03-29,CUST-010,North,Office,Stapler,11,442.97,4872.67,3294.5,0.05
2428,2024-03-30,CUST-034,East,Office,Pens,4,527.19,2108.76,1314.84,0.05
2346,2024-03-30,CUST-042,East,Office,Stapler,13,202.03,2626.39,1682.72,0.0
1840,2024-03-30,CUST-008,North,Technology,Phone,15,54.34,815.1,690.3,0.2
3110,2024-03-30,CUST-005,South,Technology,Phone,2,140.12,280.24,232.74,0.2
1400,2024-03-30,CUST-049,South,Technology,Phone,14,799.46,11192.44,7917.56,0.0
2570,2024-03-31,CUST-009,West,Technology,Phone,14,556.33,7788.62,5471.48,0.0
1876,2024-03-31,CUST-047,East,Office,Pens,8,423.22,3385.76,2482.32,0.1
1781,2024-03-31,CUST-015,North,Furniture,Chair,15,266.06,3990.9,3405.75,0.1
3802,2024-03-31,CUST-023,West,Technology,Phone,5,766.11,3830.55,3133.75,0.05
3002,2024-04-01,CUST-048,North,Furniture,Bookcase,13,656.07,8528.91,7212.53,0.2
2365,2024-04-01,CUST-042,East,Office,Stapler,13,559.6,7274.8,6026.15,0.15
3028,2024-04-01,CUST-054,East,Technology,Laptop,11,744.48,8189.28,6592.63,0.0
1132,2024-04-02,CUST-003,East,Office,Paper,4,512.31,2049.24,1787.6,0.0
3003,2024-04-02,CUST-022,South,Furniture,Desk,6,666.37,3998.22,2340.78,0.15
3644,2024-04-02,CUST-014,South,Technology,Router,9,199.28,1793.52,1268.46,0.0
2819,2024-04-02,CUST-013,South,Office,Binders,3,537.46,1612.38,1331.82,0.0
1178,2024-04-03,CUST-037,West,Office,Stapler,2,130.66,261.32,201.64,0.0
3943,2024-04-03,CUST-005,South,Office,Pens,6,354.05,2124.3,1180.92,0.15
1576,2024-04-03,CUST-002,North,Technology,Router,7,47.95,335.65,249.13,0.2
1667,2024-04-03,CUST-040,North,Office,Paper,3,323.5,970.5,749.76,0.2
3113,2024-04-03,CUST-008,North,Technology,Monitor,4,736.04,2944.16,2574.08,0.0
2284,2024-04-03,CUST-050,North,Furniture,Desk,15,214.77,3221.55,2796.45,0.0
1407,2024-04-05,CUST-010,North,Office,Pens,11,343.1,3774.1,2672.78,0.15
2447,2024-04-05,CUST-010,North,Furniture,Desk,12,586.5,7038.0,4779.0,0.05
2260,2024-04-05,CUST-013,South,Furniture,Chair,6,464.22,2785.32,1972.14,0.0
3405,2024-04-05,CUST-038,North,Furniture,Desk,2,285.84,571.68,361.78,0.0
1849,2024-04-05,CUST-052,East,Office,Paper,15,609.48,9142.2,6518.4,0.0
3499,2024-04-05,CUST-026,South,Office,Pens,9,547.71,4929.39,3460.23,0.0
2537,2024-04-05,CUST-051,West,Furniture,Bookcase,14,451.27,6317.78,5572.56,0.0
2969,2024-04-06,CUST-017,West,Technology,Phone,7,520.99,3646.93,3237.22,0.0
3828,2024-04-06,CUST-003,East,Office,Pens,2,76.17,152.34,99.78,0.1
1991,2024-04-06,CUST-019,West,Office,Paper,9,171.18,1540.62,1186.02,0.2
1202,2024-04-06,CUST-044,North,Office,Paper,13,512.09,6657.17,4441.19,0.0
2772,2024-04-06,CUST-001,North,Furniture,Desk,4,561.36,2245.44,1657.6,0.0
2080,2024-04-07,CUST-014,South,Office,Stapler,12,350.17,4202.04,3189.48,0.0
1404,2024-04-07,CUST-019,West,Furniture,Bookcase,14,421.24,5897.36,5101.6,0.2
1916,2024-04-09,CUST-003,East,Technology,Monitor,1,154.35,154.35,87.59,0.0
1889,2024-04-09,CUST-019,West,Furniture,Table,11,266.24,2928.64,2154.24,0.0
1534,2024-04-09,CUST-033,East,Furniture,Desk,14,532.94,7461.16,5561.5,0.0
3568,2024-04-09,CUST-024,East,Office,Binders,14,347.2,4860.8,3911.74,0.1
3176,2024-04-09,CUST-018,South,Technology,Phone,8,317.51,2540.08,1902.08,0.0
1019,2024-04-09,CUST-037,West,Furniture,Desk,13,388.92,5055.96,3501.16,0.0
3701,2024-04-09,CUST-035,East,Office,Paper,14,332.55,4655.7,3918.6,0.0
3205,2024-04-10,CUST-002,North,Furniture,Table,14,642.31,8992.34,7315.42,0.2
3430,2024-04-10,CUST-049,South,Office,Paper,2,556.61,1113.22,799.6,0.2
2006,2024-04-11,CUST-046,South,Technology,Phone,3,723.3,2169.9,1601.37,0.15
1744,2024-04-11,CUST-003,East,Technology,Monitor,14,44.39,621.46,365.12,0.0
2525,2024-04-11,CUST-055,South,Office,Stapler,11,240.93,2650.23,2033.13,0.2
2179,2024-04-11,CUST-011,North,Technology,Phone,3,41.19,123.57,70.5,0.05
3050,2024-04-11,CUST-056,East,Furniture,Desk,9,309.24,2783.16,2211.84,0.0
2998,2024-04-11,CUST-048,North,Furniture,Chair,4,462.21,1848.84,1032.48,0.0
3851,2024-04-11,CUST-046,South,Office,Paper,3,167.46,502.38,399.48,0.0
3393,2024-04-11,CUST-060,North,Technology,Laptop,5,582.57,2912.85,2134.25,0.15
1694,2024-04-12,CUST-018,South,Furniture,Desk,10,122.29,1222.9,919.1,0.0
3710,2024-04-12,CUST-014,South,Furniture,Bookcase,4,340.42,1361.68,1087.0,0.0
1471,2024-04-12,CUST-004,South,Furniture,Bookcase,13,475.51,6181.63,3903.51,0.0
2936,2024-04-13,CUST-058,South,Office,Binders,4,622.93,2491.72,1550.24,0.0
3216,2024-04-13,CUST-038,North,Furniture,Desk,12,366.84,4402.08,3500.88,0.0
1558,2024-04-13,CUST-054,East,Office,Stapler,3,760.57,2281.71,1877.46,0.0
2709,2024-04-13,CUST-001,North,Technology,Laptop,7,225.43,1578.01,1174.18,0.05
1994,2024-04-14,CUST-009,West,Office,Pens,6,627.47,3764.82,2613.54,0.0
3647,2024-04-14,CUST-046,South,Technology,Router,2,172.48,344.96,194.86,0.05
3156,2024-04-14,CUST-047,East,Office,Binders,8,69.82,558.56,320.48,0.0
2014,2024-04-14,CUST-043,South,Office,Paper,2,131.83,263.66,181.98,0.1
3560,2024-04-14,CUST-056,East,Office,Binders,6,433.2,2599.2,2140.68,0.0
2747,2024-04-14,CUST-014,South,Office,Binders,1,48.14,48.14,26.81,0.1
2418,2024-04-15,CUST-056,East,Furniture,Desk,11,660.08,7260.88,4497.68,0.15
2456,2024-04-15,CUST-045,North,Furniture,Chair,1,663.44,663.44,388.77,0.0
3755,2024-04-15,CUST-015,North,Office,Stapler,3,426.74,1280.22,810.87,0.2
3402,2024-04-15,CUST-027,South,Technology,Monitor,8,341.64,2733.12,2455.92,0.0
2217,2024-04-15,CUST-007,North,Furniture,Chair,8,423.43,3387.44,2560.0,0.0
1641,2024-04-15,CUST-025,East,Furniture,Table,15,56.22,843.3,753.3,0.0
3373,2024-04-16,CUST-006,South,Furniture,Desk,3,525.82,1577.46,1181.76,0.2
1708,2024-04-16,CUST-036,North,Technology,Laptop,13,329.67,4285.71,3504.67,0.0
3536,2024-04-17,CUST-026,South,Office,Pens,1,626.28,626.28,462.62,0.05
1554,2024-04-17,CUST-007,North,Office,Pens,10,492.39,4923.9,2944.5,0.2
2641,2024-04-18,CUST-005,South,Technology,Laptop,14,591.64,8282.96,5227.32,0.15
2474,2024-04-18,CUST-025,East,Office,Paper,12,772.63,9271.56,6305.52,0.15
2341,2024-04-18,CUST-016,South,Technology,Monitor,3,607.54,1822.62,1423.29,0.0
3197,2024-04-18,CUST-036,North,Furniture,Table,4,470.08,1880.32,1527.64,0.15
2580,2024-04-18,CUST-055,South,Furniture,Bookcase,12,374.14,4489.68,2711.28,0.1
3362,2024-04-19,CUST-021,North,Technology,Phone,9,661.29,5951.61,3884.67,0.2
1909,2024-04-19,CUST-013,South,Technology,Laptop,7,535.37,3747.59,2453.22,0.05
1854,2024-04-19,CUST-039,West,Office,Binders,9,100.29,902.61,754.74,0.2
1593,2024-04-19,CUST-048,North,Office,Pens,15,680.89,10213.35,8506.8,0.1
2007,2024-04-19,CUST-060,North,Technology,Router,6,564.54,3387.24,2082.48,0.15
2554,2024-04-20,CUST-057,East,Furniture,Table,10,602.72,6027.2,5036.1,0.1
2693,2024-04-21,CUST-017,West,Technology,Phone,9,580.29,5222.61,3970.26,0.0
1021,2024-04-21,CUST-042,East,Office,Paper,1,334.04,334.04,223.39,0.2
3397,2024-04-21,CUST-021,North,Office,Stapler,10,286.21,2862.1,2056.0,0.0
2320,2024-04-21,CUST-020,East,Office,Stapler,13,703.59,9146.67,7360.08,0.0
1163,2024-04-21,CUST-008,North,Office,Paper,8,369.65,2957.2,2001.2,0.1
3062,2024-04-21,CUST-055,South,Furniture,Desk,3,424.22,1272.66,715.86,0.05
2757,2024-04-21,CUST-037,West,Technology,Router,13,201.05,2613.65,1775.8,0.1
1957,2024-04-21,CUST-058,South,Furniture,Chair,2,324.73,649.46,397.84,0.0
3517,2024-04-21,CUST-060,North,Furniture,Bookcase,12,745.88,8950.56,5557.56,0.05
1631,2024-04-21,CUST-057,East,Furniture,Table,8,299.82,2398.56,1575.68,0.1
3719,2024-04-21,CUST-055,South,Office,Binders,13,346.61,4505.93,3583.19,0.0
1277,2024-04-22,CUST-050,North,Furniture,Desk,14,550.97,7713.58,4327.68,0.15
3642,2024-04-23,CUST-031,West,Technology,Monitor,14,651.87,9126.18,6494.32,0.0
1557,2024-04-23,CUST-032,North,Technology,Router,6,202.91,1217.46,675.06,0.0
2233,2024-04-23,CUST-012,North,Furniture,Chair,1,668.53,668.53,399.8,0.15
2478,2024-04-23,CUST-027,South,Office,Pens,8,629.49,5035.92,3995.2,0.0
2835,2024-04-24,CUST-033,East,Furniture,Table,12,281.35,3376.2,2489.16,0.0
3224,2024-04-25,CUST-009,West,Office,Stapler,1,310.05,310.05,225.89,0.0
2955,2024-04-25,CUST-011,North,Technology,Laptop,6,719.81,4318.86,2514.6,0.0
3421,2024-04-25,CUST-008,North,Office,Binders,15,61.96,929.4,750.9,0.1
1296,2024-04-25,CUST-034,East,Furniture,Desk,14,413.29,5786.06,3734.92,0.2
2458,2024-04-25,CUST-010,North,Furniture,Bookcase,4,738.92,2955.68,2333.64,0.15
3649,2024-04-26,CUST-024,East,Office,Pens,8,254.18,2033.44,1688.48,0.0
1609,2024-04-26,CUST-059,East,Office,Binders,1,552.39,552.39,365.86,0.2
1917,2024-04-26,CUST-030,North,Office,Binders,14,481.01,6734.14,5631.36,0.0
2417,2024-04-27,CUST-016,South,Office,Binders,12,418.77,5025.24,3202.68,0.2
2276,2024-04-27,CUST-025,East,Furniture,Table,14,171.63,2402.82,1353.38,0.0
3935,2024-04-27,CUST-054,East,Office,Stapler,14,643.02,9002.28,5161.38,0.15
1152,2024-04-28,CUST-042,East,Furniture,Chair,3,55.37,166.11,93.51,0.05
1049,2024-04-28,CUST-023,West,Office,Stapler,11,785.3,8638.3,6372.3,0.0
1591,2024-04-28,CUST-009,West,Office,Binders,9,443.14,3988.26,3082.59,0.15
1439,2024-04-28,CUST-011,North,Furniture,Desk,5,623.2,3116.0,2689.1,0.15
3058,2024-04-28,CUST-045,North,Furniture,Desk,11,557.81,6135.91,3526.16,0.0
3901,2024-04-29,CUST-038,North,Technology,Monitor,13,719.86,9358.18,8229.0,0.2
2898,2024-04-29,CUST-030,North,Technology,Laptop,6,636.21,3817.26,2197.08,0.05
3656,2024-04-29,CUST-028,East,Technology,Phone,6,508.93,3053.58,1706.1,0.0
3052,2024-04-29,CUST-037,West,Office,Paper,1,739.23,739.23,459.88,0.15
2124,2024-04-29,CUST-021,North,Office,Paper,5,716.44,3582.2,2493.2,0.05
3680,2024-04-30,CUST-043,South,Office,Paper,5,53.65,268.25,180.85,0.15
3780,2024-04-30,CUST-060,North,Technology,Laptop,13,379.57,4934.41,3293.55,0.0
2781,2024-04-30,CUST-052,East,Furniture,Table,11,387.92,4267.12,2798.73,0.2
1330,2024-04-30,CUST-031,West,Technology,Phone,5,766.48,3832.4,2128.4,0.0
2362,2024-04-30,CUST-044,North,Technology,Laptop,2,297.36,594.72,425.74,0.0
1790,2024-05-01,CUST-059,East,Technology,Monitor,6,72.89,437.34,322.14,0.15
3578,2024-05-01,CUST-051,West,Furniture,Bookcase,3,411.58,1234.74,810.72,0.1
3310,2024-05-01,CUST-026,South,Furniture,Desk,7,389.08,2723.56,1527.12,0.0
1646,2024-05-01,CUST-033,East,Office,Pens,4,137.19,548.76,332.04,0.1
2001,2024-05-01,CUST-013,South,Technology,Laptop,13,534.64,6950.32,5265.65,0.05
3774,2024-05-01,CUST-015,North,Office,Stapler,9,453.23,4079.07,3525.12,0.1
1998,2024-05-01,CUST-057,East,Office,Pens,3,573.72,1721.16,963.96,0.2
2573,2024-05-02,CUST-040,North,Furniture,Bookcase,12,152.86,1834.32,1097.28,0.05
2725,2024-05-02,CUST-034,East,Technology,Router,5,736.04,3680.2,2946.7,0.2
2890,2024-05-02,CUST-015,North,Furniture,Desk,4,137.07,548.28,418.36,0.15
2366,2024-05-02,CUST-050,North,Furniture,Table,5,513.22,2566.1,1811.15,0.0
3167,2024-05-02,CUST-049,South,Office,Pens,6,172.7,1036.2,895.56,0.05
1184,2024-05-02,CUST-014,South,Furniture,Desk,13,127.04,1651.52,1055.99,0.0
2287,2024-05-03,CUST-021,North,Office,Binders,10,181.55,1815.5,1342.7,0.05
2180,2024-05-03,CUST-021,North,Technology,Router,15,272.89,4093.35,2789.4,0.2
1763,2024-05-03,CUST-059,East,Furniture,Bookcase,15,657.37,9860.55,6860.85,0.2
3937,2024-05-04,CUST-001,North,Furniture,Bookcase,4,688.28,2753.12,2429.4,0.2
3970,2024-05-04,CUST-020,East,Office,Pens,13,76.94,1000.22,863.98,0.1
3917,2024-05-04,CUST-034,East,Office,Paper,8,794.89,6359.12,5519.44,0.0
2273,2024-05-04,CUST-047,East,Office,Binders,15,404.92,6073.8,5450.25,0.1
1906,2024-05-04,CUST-035,East,Technology,Laptop,7,764.24,5349.68,4473.91,0.05
2623,2024-05-04,CUST-039,West,Technology,Phone,10,395.54,3955.4,2634.1,0.0
3442,2024-05-05,CUST-050,North,Office,Binders,3,70.32,210.96,135.81,0.0
1261,2024-05-05,CUST-026,South,Technology,Phone,9,458.09,4122.81,2727.99,0.05
1172,2024-05-05,CUST-052,East,Technology,Laptop,10,766.17,7661.7,5720.1,0.15
3601,2024-05-05,CUST-055,South,Office,Binders,6,453.64,2721.84,1790.46,0.05
3325,2024-05-05,CUST-019,West,Furniture,Bookcase,10,206.62,2066.2,1484.7,0.05
2002,2024-05-06,CUST-059,East,Furniture,Chair,2,255.28,510.56,282.64,0.0
2352,2024-05-06,CUST-048,North,Office,Paper,10,269.71,2697.1,1957.6,0.15
2939,2024-05-06,CUST-015,North,Technology,Phone,1,127.1,127.1,109.89,0.05
3152,2024-05-06,CUST-013,South,Office,Stapler,5,147.06,735.3,437.5,0.0
3294,2024-05-06,CUST-023,West,Office,Pens,5,307.01,1535.05,1274.75,0.1
2499,2024-05-06,CUST-017,West,Furniture,Bookcase,13,703.79,9149.27,7114.51,0.0
1519,2024-05-06,CUST-046,South,Technology,Phone,6,662.33,3973.98,2888.28,0.15
2279,2024-05-07,CUST-054,East,Technology,Monitor,14,34.09,477.26,279.3,0.0
2563,2024-05-07,CUST-013,South,Technology,Router,8,56.5,452.0,292.0,0.0
2941,2024-05-07,CUST-004,South,Furniture,Table,7,174.94,1224.58,1003.94,0.1
3552,2024-05-07,CUST-025,East,Office,Pens,11,376.18,4137.98,2331.34,0.15
3852,2024-05-07,CUST-042,East,Office,Binders,2,295.01,590.02,512.52,0.2
3484,2024-05-07,CUST-009,West,Furniture,Chair,4,202.32,809.28,551.12,0.15
2705,2024-05-08,CUST-042,East,Furniture,Desk,8,633.32,5066.56,3194.08,0.2
3978,2024-05-08,CUST-046,South,Furniture,Bookcase,6,388.64,2331.84,1760.46,0.2
1734,2024-05-08,CUST-004,South,Technology,Phone,11,140.06,1540.66,1136.63,0.0
3894,2024-05-09,CUST-026,South,Furniture,Table,13,69.59,904.67,563.68,0.0
2349,2024-05-09,CUST-035,East,Technology,Router,7,269.32,1885.24,1277.71,0.15
2414,2024-05-09,CUST-047,East,Office,Stapler,3,105.59,316.77,186.18,0.0
2149,2024-05-09,CUST-057,East,Furniture,Chair,1,439.2,439.2,301.51,0.15
1077,2024-05-09,CUST-049,South,Technology,Monitor,4,674.6,2698.4,2070.92,0.0
1238,2024-05-09,CUST-011,North,Technology,Monitor,14,493.91,6914.74,5693.94,0.0
2218,2024-05-09,CUST-001,North,Office,Paper,10,635.74,6357.4,3927.4,0.1
1648,2024-05-10,CUST-031,West,Technology,Monitor,11,670.02,7370.22,4111.47,0.0
1936,2024-05-10,CUST-009,West,Furniture,Desk,11,299.7,3296.7,2124.32,0.0
3231,2024-05-10,CUST-002,North,Technology,Phone,7,370.87,2596.09,2187.78,0.0
2431,2024-05-10,CUST-022,South,Furniture,Table,13,177.56,2308.28,1851.85,0.0
1205,2024-05-10,CUST-026,South,Technology,Laptop,5,455.96,2279.8,1767.35,0.0
3209,2024-05-11,CUST-021,North,Furniture,Table,4,498.7,1994.8,1163.44,0.15
2957,2024-05-11,CUST-052,East,Office,Paper,5,391.47,1957.35,1692.8,0.0
3823,2024-05-12,CUST-019,West,Technology,Router,2,616.69,1233.38,982.34,0.2
3548,2024-05-12,CUST-055,South,Office,Stapler,9,407.84,3670.56,3105.0,0.2
2668,2024-05-12,CUST-019,West,Technology,Phone,6,489.88,2939.28,2532.6,0.0
3718,2024-05-13,CUST-009,West,Technology,Phone,5,643.17,3215.85,2754.55,0.2
1768,2024-05-13,CUST-036,North,Furniture,Bookcase,2,330.85,661.7,464.56,0.15
1477,2024-05-13,CUST-002,North,Office,Stapler,1,278.75,278.75,213.23,0.2
1039,2024-05-13,CUST-006,South,Office,Stapler,14,235.81,3301.34,1819.86,0.2
3867,2024-05-13,CUST-057,East,Technology,Monitor,6,579.92,3479.52,1964.16,0.2
3086,2024-05-13,CUST-042,East,Furniture,Desk,3,340.81,1022.43,730.02,0.2
3448,2024-05-13,CUST-027,South,Furniture,Desk,1,209.32,209.32,145.88,0.15
1896,2024-05-13,CUST-058,South,Technology,Laptop,12,767.08,9204.96,5341.08,0.1
1996,2024-05-14,CUST-054,East,Office,Paper,7,379.18,2654.26,1530.83,0.2
1144,2024-05-14,CUST-041,East,Technology,Laptop,5,635.12,3175.6,1783.65,0.0
1405,2024-05-15,CUST-009,West,Furniture,Chair,5,696.3,3481.5,2069.45,0.2
3516,2024-05-15,CUST-035,East,Furniture,Chair,4,174.78,699.12,495.56,0.0
2452,2024-05-15,CUST-025,East,Technology,Laptop,14,30.57,427.98,359.8,0.0
2896,2024-05-15,CUST-018,South,Office,Pens,2,599.63,1199.26,967.4,0.0
3277,2024-05-15,CUST-033,East,Technology,Laptop,7,125.26,876.82,497.07,0.0
2069,2024-05-16,CUST-049,South,Technology,Router,13,752.75,9785.75,6928.48,0.2
3391,2024-05-16,CUST-056,East,Furniture,Table,7,230.32,1612.24,1157.8,0.05
3412,2024-05-17,CUST-013,South,Technology,Phone,8,67.79,542.32,383.6,0.1
1266,2024-05-17,CUST-032,North,Office,Stapler,5,438.62,2193.1,1856.5,0.05
1326,2024-05-17,CUST-052,East,Furniture,Chair,9,341.89,3077.01,2140.92,0.1
2770,2024-05-18,CUST-017,West,Furniture,Table,4,750.24,3000.96,2624.28,0.15
3044,2024-05-18,CUST-037,West,Office,Stapler,13,446.18,5800.34,3598.14,0.0
1243,2024-05-18,CUST-029,North,Technology,Phone,12,734.85,8818.2,6366.0,0.0
3422,2024-05-18,CUST-036,North,Furniture,Table,15,526.73,7900.95,6315.75,0.2
3360,2024-05-19,CUST-006,South,Technology,Laptop,10,426.0,4260.0,3485.3,0.1
1870,2024-05-19,CUST-005,South,Office,Paper,3,582.64,1747.92,1259.1,0.05
1339,2024-05-20,CUST-034,East,Technology,Laptop,14,541.21,7576.94,6194.3,0.05
1143,2024-05-20,CUST-041,East,Technology,Phone,11,609.35,6702.85,5487.02,0.15
1207,2024-05-20,CUST-020,East,Technology,Monitor,6,759.18,4555.08,3280.56,0.0
3225,2024-05-20,CUST-034,East,Office,Pens,10,433.81,4338.1,2846.5,0.2
3365,2024-05-20,CUST-027,South,Technology,Laptop,5,275.65,1378.25,1101.4,0.2
2706,2024-05-21,CUST-060,North,Office,Binders,13,729.23,9479.99,7450.69,0.15
1279,2024-05-21,CUST-033,East,Office,Stapler,14,681.73,9544.22,7679.14,0.15
1561,2024-05-21,CUST-048,North,Technology,Laptop,14,611.4,8559.6,4845.26,0.2
2866,2024-05-21,CUST-042,East,Furniture,Table,7,167.32,1171.24,656.11,0.0
3241,2024-05-22,CUST-017,West,Office,Stapler,11,534.11,5875.21,4811.29,0.2
1246,2024-05-22,CUST-046,South,Office,Binders,13,301.96,3925.48,2467.14,0.0
1971,2024-05-22,CUST-043,South,Technology,Router,6,557.53,3345.18,2696.46,0.0
2637,2024-05-23,CUST-012,North,Office,Binders,6,531.63,3189.78,2383.08,0.05
3735,2024-05-23,CUST-022,South,Office,Binders,14,173.51,2429.14,2084.18,0.0
1337,2024-05-23,CUST-047,East,Office,Stapler,8,151.22,1209.76,1002.0,0.0
3512,2024-05-23,CUST-029,North,Office,Pens,7,146.6,1026.2,820.96,0.05
2947,2024-05-24,CUST-057,East,Furniture,Chair,5,589.11,2945.55,2545.15,0.0
3388,2024-05-24,CUST-051,West,Technology,Router,9,245.48,2209.32,1534.77,0.0
1844,2024-05-24,CUST-036,North,Office,Paper,4,443.17,1772.68,1315.84,0.0
2768,2024-05-24,CUST-018,South,Office,Pens,10,713.85,7138.5,5334.8,0.0
3054,2024-05-25,CUST-012,North,Furniture,Desk,6,735.72,4414.32,3048.9,0.0
1803,2024-05-25,CUST-030,North,Technology,Router,5,498.24,2491.2,1417.7,0.1
2542,2024-05-25,CUST-041,East,Technology,Laptop,2,378.12,756.24,573.66,0.0
3178,2024-05-25,CUST-018,South,Furniture,Chair,5,620.95,3104.75,2684.0,0.0
1875,2024-05-25,CUST-037,West,Furniture,Bookcase,2,472.61,945.22,838.04,0.0
3904,2024-05-25,CUST-035,East,Office,Paper,8,753.31,6026.48,5048.32,0.0
2779,2024-05-26,CUST-011,North,Technology,Monitor,4,91.24,364.96,303.36,0.0
2338,2024-05-26,CUST-060,North,Furniture,Chair,12,320.19,3842.28,2929.8,0.15
2473,2024-05-26,CUST-014,South,Technology,Laptop,12,127.49,1529.88,1356.6,0.15
1177,2024-05-26,CUST-012,North,Furniture,Bookcase,15,285.06,4275.9,2360.85,0.2
2718,2024-05-26,CUST-037,West,Office,Stapler,5,271.78,1358.9,898.9,0.0
1838,2024-05-26,CUST-013,South,Furniture,Table,12,701.63,8419.56,5545.32,0.0
2953,2024-05-27,CUST-021,North,Technology,Laptop,6,42.23,253.38,181.08,0.15
1621,2024-05-27,CUST-015,North,Technology,Router,13,642.04,8346.52,6184.75,0.15
1325,2024-05-27,CUST-049,South,Office,Stapler,4,682.49,2729.96,1788.84,0.15
2541,2024-05-27,CUST-035,East,Technology,Router,13,223.17,2901.21,1648.27,0.0
2465,2024-05-28,CUST-047,East,Furniture,Chair,2,470.72,941.44,833.98,0.0
1815,2024-05-28,CUST-053,West,Technology,Laptop,3,135.64,406.92,316.86,0.0
3696,2024-05-28,CUST-002,North,Technology,Phone,15,765.8,11487.0,9335.1,0.05
1884,2024-05-28,CUST-016,South,Furniture,Desk,13,431.36,5607.68,3149.12,0.0
1334,2024-05-29,CUST-059,East,Technology,Phone,6,342.87,2057.22,1536.48,0.0
1285,2024-05-29,CUST-008,North,Office,Stapler,15,784.53,11767.95,9843.15,0.2
2351,2024-05-29,CUST-010,North,Furniture,Desk,8,550.39,4403.12,2648.88,0.0
1218,2024-05-29,CUST-015,North,Technology,Phone,15,97.28,1459.2,1167.6,0.0
3501,2024-05-29,CUST-001,North,Office,Stapler,13,352.24,4579.12,3595.54,0.15
3757,2024-05-29,CUST-012,North,Office,Paper,12,470.9,5650.8,4935.6,0.0
2597,2024-05-30,CUST-037,West,Office,Pens,14,198.06,2772.84,2013.34,0.2
2606,2024-05-30,CUST-051,West,Furniture,Bookcase,2,776.19,1552.38,1124.9,0.15
3498,2024-05-30,CUST-037,West,Office,Stapler,6,43.35,260.1,216.3,0.2
2475,2024-05-30,CUST-043,South,Office,Paper,8,673.2,5385.6,4602.88,0.0
1649,2024-05-30,CUST-037,West,Office,Binders,3,511.04,1533.12,864.24,0.1
1774,2024-05-31,CUST-010,North,Office,Paper,2,596.87,1193.74,758.1,0.1
2090,2024-05-31,CUST-029,North,Furniture,Table,8,404.53,3236.24,2738.0,0.2
1967,2024-05-31,CUST-024,East,Technology,Monitor,9,571.56,5144.04,4027.5,0.0
1041,2024-05-31,CUST-008,North,Technology,Monitor,9,48.1,432.9,294.03,0.1
2820,2024-05-31,CUST-020,East,Technology,Phone,8,328.88,2631.04,1871.2,0.15
1159,2024-05-31,CUST-014,South,Technology,Monitor,10,188.44,1884.4,1610.0,0.0
3663,2024-06-01,CUST-025,East,Office,Pens,2,340.49,680.98,465.58,0.0
2419,2024-06-01,CUST-045,North,Office,Binders,4,794.19,3176.76,2404.56,0.15
3128,2024-06-01,CUST-027,South,Technology,Monitor,13,267.04,3471.52,3111.94,0.15
3547,2024-06-02,CUST-047,East,Office,Stapler,8,496.14,3969.12,2867.12,0.1
3627,2024-06-02,CUST-034,East,Technology,Phone,14,26.82,375.48,293.86,0.0
1695,2024-06-02,CUST-047,East,Furniture,Desk,9,357.13,3214.17,2196.27,0.0
2699,2024-06-02,CUST-051,West,Office,Pens,4,315.49,1261.96,951.44,0.15
2461,2024-06-02,CUST-010,North,Technology,Router,9,281.18,2530.62,1552.5,0.05
2046,2024-06-02,CUST-042,East,Technology,Phone,11,488.96,5378.56,3722.29,0.0
1220,2024-06-02,CUST-031,West,Furniture,Chair,15,81.8,1227.0,784.8,0.2
1203,2024-06-02,CUST-036,North,Office,Stapler,5,216.56,1082.8,918.25,0.1
2836,2024-06-02,CUST-051,West,Technology,Router,9,612.5,5512.5,4711.05,0.0
3434,2024-06-03,CUST-037,West,Office,Stapler,5,403.09,2015.45,1750.6,0.0
3883,2024-06-03,CUST-043,South,Technology,Phone,11,452.75,4980.25,3297.91,0.15
2087,2024-06-03,CUST-034,East,Furniture,Table,15,148.69,2230.35,1801.95,0.05
3129,2024-06-03,CUST-026,South,Furniture,Chair,7,637.27,4460.89,3486.7,0.0
2950,2024-06-04,CUST-024,East,Office,Stapler,14,142.84,1999.76,1220.52,0.1
3165,2024-06-04,CUST-006,South,Office,Pens,9,720.89,6488.01,3941.19,0.0
2854,2024-06-04,CUST-031,West,Office,Paper,6,285.66,1713.96,1150.44,0.05
2931,2024-06-04,CUST-050,North,Office,Stapler,14,235.95,3303.3,2338.56,0.15
2751,2024-06-04,CUST-005,South,Office,Stapler,1,31.5,31.5,26.48,0.1
3091,2024-06-04,CUST-031,West,Furniture,Desk,5,256.53,1282.65,1065.65,0.0
3161,2024-06-05,CUST-042,East,Office,Binders,8,53.07,424.56,266.08,0.0
1170,2024-06-05,CUST-026,South,Furniture,Chair,6,352.88,2117.28,1657.38,0.0
1837,2024-06-06,CUST-050,North,Technology,Laptop,8,414.68,3317.44,2752.32,0.1
1965,2024-06-06,CUST-035,East,Furniture,Desk,3,674.68,2024.04,1604.04,0.15
2137,2024-06-06,CUST-047,East,Furniture,Table,13,414.6,5389.8,4346.29,0.0
1209,2024-06-06,CUST-003,East,Office,Pens,15,617.72,9265.8,5521.2,0.05
1239,2024-06-06,CUST-005,South,Technology,Phone,6,318.63,1911.78,1431.06,0.1
2258,2024-06-06,CUST-035,East,Furniture,Bookcase,10,38.13,381.3,314.5,0.0
2985,2024-06-06,CUST-043,South,Furniture,Bookcase,14,117.39,1643.46,1331.26,0.05
1603,2024-06-06,CUST-055,South,Furniture,Chair,6,383.74,2302.44,2021.82,0.0
3592,2024-06-07,CUST-021,North,Furniture,Bookcase,9,509.63,4586.67,3299.4,0.05
1758,2024-06-07,CUST-002,North,Office,Pens,15,451.86,6777.9,5047.65,0.1
3597,2024-06-07,CUST-042,East,Office,Binders,14,742.35,10392.9,6901.3,0.0
2309,2024-06-07,CUST-036,North,Office,Stapler,2,279.92,559.84,447.98,0.0
3993,2024-06-07,CUST-030,North,Furniture,Desk,1,255.64,255.64,215.89,0.0
3926,2024-06-08,CUST-052,East,Technology,Monitor,7,50.09,350.63,194.6,0.0
1431,2024-06-08,CUST-040,North,Technology,Phone,2,261.73,523.46,381.58,0.0
3085,2024-06-08,CUST-037,West,Office,Binders,5,787.23,3936.15,3102.55,0.2
2909,2024-06-09,CUST-011,North,Technology,Router,13,153.99,2001.87,1211.73,0.15
2727,2024-06-09,CUST-008,North,Furniture,Chair,12,638.79,7665.48,6167.52,0.0
2136,2024-06-09,CUST-003,East,Office,Paper,3,511.34,1534.02,1311.3,0.0
2162,2024-06-09,CUST-033,East,Office,Paper,12,185.86,2230.32,1596.24,0.15
3836,2024-06-09,CUST-002,North,Technology,Router,8,377.61,3020.88,2463.76,0.2
1245,2024-06-10,CUST-055,South,Furniture,Bookcase,12,70.65,847.8,627.12,0.0
3415,2024-06-10,CUST-024,East,Technology,Monitor,11,677.47,7452.17,5195.08,0.0
1672,2024-06-10,CUST-015,North,Office,Binders,11,48.13,529.43,335.5,0.0
1480,2024-06-10,CUST-024,East,Office,Stapler,10,98.81,988.1,647.8,0.0
3319,2024-06-10,CUST-005,South,Office,Pens,3,70.66,211.98,161.55,0.0
1456,2024-06-10,CUST-023,West,Technology,Router,5,381.41,1907.05,1617.9,0.0
2883,2024-06-11,CUST-002,North,Technology,Phone,10,302.92,3029.2,1974.8,0.15
3159,2024-06-11,CUST-051,West,Furniture,Desk,9,661.82,5956.38,4973.76,0.05
3872,2024-06-11,CUST-057,East,Office,Paper,8,252.86,2022.88,1725.12,0.0
2547,2024-06-11,CUST-008,North,Furniture,Bookcase,8,796.03,6368.24,4839.84,0.0
2535,2024-06-11,CUST-028,East,Technology,Router,12,155.5,1866.0,1616.76,0.1
2635,2024-06-11,CUST-059,East,Furniture,Desk,8,708.29,5666.32,4025.52,0.0
3005,2024-06-12,CUST-017,West,Office,Stapler,6,282.86,1697.16,1193.46,0.0
3995,2024-06-12,CUST-028,East,Furniture,Bookcase,3,369.8,1109.4,740.94,0.2
3132,2024-06-12,CUST-018,South,Technology,Monitor,8,493.32,3946.56,2860.08,0.05
2064,2024-06-13,CUST-048,North,Furniture,Bookcase,12,349.45,4193.4,3654.48,0.0
2545,2024-06-13,CUST-014,South,Office,Stapler,7,713.98,4997.86,3857.07,0.05
1491,2024-06-13,CUST-002,North,Furniture,Bookcase,2,77.88,155.76,94.94,0.05
2514,2024-06-13,CUST-011,North,Technology,Phone,7,395.67,2769.69,2042.46,0.2
2832,2024-06-13,CUST-023,West,Office,Paper,11,692.72,7619.92,6334.02,0.0
1594,2024-06-13,CUST-002,North,Furniture,Desk,1,542.8,542.8,336.52,0.2
2411,2024-06-13,CUST-019,West,Technology,Monitor,7,348.42,2438.94,1624.14,0.0
1113,2024-06-13,CUST-006,South,Furniture,Bookcase,7,279.98,1959.86,1537.62,0.2
2764,2024-06-14,CUST-059,East,Technology,Router,12,80.45,965.4,573.96,0.0
2497,2024-06-14,CUST-010,North,Furniture,Chair,8,93.41,747.28,493.04,0.0
3965,2024-06-14,CUST-045,North,Furniture,Table,12,26.21,314.52,213.48,0.0
1988,2024-06-15,CUST-045,North,Technology,Phone,9,591.71,5325.39,2961.63,0.0
2607,2024-06-15,CUST-030,North,Office,Binders,9,774.0,6966.0,5352.21,0.15
3614,2024-06-15,CUST-055,South,Office,Pens,2,378.97,757.94,508.88,0.2
1989,2024-06-16,CUST-038,North,Technology,Monitor,6,379.61,2277.66,1805.4,0.0
1795,2024-06-16,CUST-031,West,Office,Pens,3,684.66,2053.98,1482.99,0.0
1978,2024-06-16,CUST-006,South,Technology,Router,12,794.23,9530.76,7922.88,0.0
3347,2024-06-16,CUST-019,West,Office,Pens,7,146.25,1023.75,715.89,0.15
3187,2024-06-16,CUST-019,West,Furniture,Chair,10,306.49,3064.9,2566.1,0.1
3409,2024-06-17,CUST-001,North,Furniture,Bookcase,15,298.38,4475.7,3170.25,0.15
2274,2024-06-17,CUST-024,East,Technology,Laptop,9,617.9,5561.1,3693.15,0.05
1420,2024-06-17,CUST-050,North,Technology,Monitor,2,433.8,867.6,479.76,0.15
3195,2024-06-17,CUST-003,East,Office,Paper,10,23.15,231.5,203.0,0.15
3728,2024-06-17,CUST-060,North,Furniture,Table,3,795.49,2386.47,1653.81,0.0
3504,2024-06-17,CUST-055,South,Office,Pens,11,721.22,7933.42,6736.4,0.2
3429,2024-06-17,CUST-050,North,Office,Paper,14,651.49,9120.86,5113.36,0.0
3312,2024-06-17,CUST-014,South,Furniture,Table,14,203.39,2847.46,1808.52,0.2
3291,2024-06-18,CUST-003,East,Furniture,Chair,6,278.53,1671.18,1100.7,0.1
3173,2024-06-18,CUST-014,South,Furniture,Table,12,275.34,3304.08,2955.48,0.1
1637,2024-06-18,CUST-001,North,Office,Binders,14,771.92,10806.88,9657.62,0.15
1572,2024-06-18,CUST-001,North,Office,Binders,9,682.1,6138.9,5206.77,0.2
3416,2024-06-19,CUST-014,South,Technology,Monitor,7,104.58,732.06,461.37,0.2
2974,2024-06-19,CUST-034,East,Technology,Phone,9,199.73,1797.57,1584.54,0.1
2783,2024-06-19,CUST-054,East,Office,Pens,9,81.0,729.0,555.39,0.0
1564,2024-06-19,CUST-030,North,Furniture,Table,12,683.52,8202.24,6807.6,0.15
1375,2024-06-19,CUST-039,West,Office,Paper,2,619.78,1239.56,967.06,0.0
2326,2024-06-19,CUST-017,West,Furniture,Table,11,732.12,8053.32,4737.15,0.15
3634,2024-06-19,CUST-008,North,Furniture,Desk,8,200.03,1600.24,1157.28,0.0
2239,2024-06-20,CUST-014,South,Office,Paper,13,387.12,5032.56,3936.66,0.0
3355,2024-06-20,CUST-051,West,Furniture,Chair,13,419.69,5455.97,4551.04,0.0
2305,2024-06-20,CUST-013,South,Furniture,Table,2,761.79,1523.58,1029.72,0.05
1730,2024-06-20,CUST-056,East,Office,Binders,2,204.05,408.1,286.46,0.0
3855,2024-06-20,CUST-047,East,Office,Pens,10,604.71,6047.1,4786.8,0.05
2722,2024-06-21,CUST-043,South,Furniture,Desk,2,181.34,362.68,305.94,0.2
3738,2024-06-22,CUST-016,South,Office,Pens,11,520.38,5724.18,4635.4,0.05
2954,2024-06-22,CUST-059,East,Furniture,Chair,9,314.09,2826.81,2146.86,0.1
2083,2024-06-22,CUST-043,South,Furniture,Desk,15,456.46,6846.9,5156.85,0.0
2801,2024-06-22,CUST-047,East,Technology,Monitor,6,481.1,2886.6,2563.38,0.2
3317,2024-06-23,CUST-007,North,Technology,Laptop,1,499.2,499.2,418.08,0.0
2073,2024-06-23,CUST-026,South,Office,Stapler,10,222.92,2229.2,1295.5,0.0
1710,2024-06-23,CUST-016,South,Office,Pens,8,508.65,4069.2,2425.04,0.2
2201,2024-06-23,CUST-053,West,Office,Stapler,2,698.53,1397.06,1046.66,0.05
3527,2024-06-24,CUST-006,South,Furniture,Desk,2,510.05,1020.1,654.28,0.05
3668,2024-06-24,CUST-009,West,Technology,Monitor,8,59.77,478.16,340.08,0.1
2139,2024-06-24,CUST-050,North,Technology,Monitor,14,651.13,9115.82,6102.74,0.1
2234,2024-06-24,CUST-022,South,Technology,Phone,8,207.32,1658.56,1382.08,0.15
3414,2024-06-24,CUST-028,East,Technology,Laptop,14,722.9,10120.6,7244.44,0.0
3254,2024-06-24,CUST-023,West,Technology,Monitor,1,451.89,451.89,298.63,0.0
3410,2024-06-25,CUST-002,North,Office,Paper,11,465.93,5125.23,4015.88,0.0
2364,2024-06-25,CUST-016,South,Technology,Laptop,4,329.38,1317.52,864.2,0.1
3567,2024-06-26,CUST-019,West,Furniture,Chair,6,665.53,3993.18,2478.96,0.0
3537,2024-06-27,CUST-044,North,Furniture,Table,10,137.27,1372.7,790.0,0.15
1642,2024-06-27,CUST-046,South,Office,Pens,14,598.69,8381.66,6307.42,0.1
2231,2024-06-27,CUST-041,East,Office,Pens,1,780.74,780.74,483.82,0.0
3941,2024-06-27,CUST-051,West,Furniture,Chair,6,268.37,1610.22,1206.12,0.2
3278,2024-06-28,CUST-016,South,Office,Pens,10,630.86,6308.6,4490.7,0.05
3595,2024-06-28,CUST-004,South,Office,Binders,12,362.84,4354.08,2579.04,0.05
1322,2024-06-28,CUST-015,North,Furniture,Bookcase,5,67.55,337.75,297.9,0.15
3478,2024-06-28,CUST-025,East,Technology,Router,2,269.9,539.8,437.68,0.0
3918,2024-06-29,CUST-013,South,Furniture,Bookcase,6,573.17,3439.02,2515.08,0.05
2737,2024-06-29,CUST-008,North,Furniture,Table,8,273.81,2190.48,1712.64,0.0
3906,2024-06-29,CUST-021,North,Technology,Monitor,6,656.2,3937.2,3072.12,0.15
1473,2024-06-29,CUST-049,South,Technology,Router,6,749.46,4496.76,4033.8,0.0
2716,2024-06-29,CUST-010,North,Technology,Phone,11,526.54,5791.94,3954.61,0.05
3344,2024-06-30,CUST-019,West,Technology,Monitor,15,791.64,11874.6,8861.55,0.0
1044,2024-06-30,CUST-057,East,Furniture,Desk,15,745.31,11179.65,9531.9,0.2
3509,2024-06-30,CUST-041,East,Office,Paper,14,595.43,8336.02,4743.34,0.05
2594,2024-06-30,CUST-058,South,Furniture,Desk,1,539.5,539.5,377.53,0.0
2196,2024-06-30,CUST-044,North,Technology,Phone,14,313.57,4389.98,3338.44,0.05
1367,2024-06-30,CUST-009,West,Furniture,Bookcase,10,758.88,7588.8,4707.3,0.0
1816,2024-07-01,CUST-055,South,Technology,Phone,6,737.9,4427.4,2511.06,0.05
3558,2024-07-01,CUST-059,East,Furniture,Desk,9,613.97,5525.73,4436.28,0.05
2246,2024-07-02,CUST-028,East,Furniture,Bookcase,13,408.08,5305.04,3424.72,0.0
3027,2024-07-02,CUST-040,North,Technology,Router,12,145.74,1748.88,1080.96,0.1
3274,2024-07-02,CUST-002,North,Technology,Laptop,2,622.81,1245.62,802.38,0.2
1985,2024-07-02,CUST-041,East,Office,Stapler,2,529.97,1059.94,914.14,0.05
1750,2024-07-02,CUST-035,East,Furniture,Desk,4,430.43,1721.72,1096.84,0.15
2667,2024-07-03,CUST-003,East,Technology,Monitor,14,64.37,901.18,513.52,0.05
3249,2024-07-04,CUST-041,East,Furniture,Chair,8,360.99,2887.92,1904.88,0.0
3899,2024-07-04,CUST-009,West,Technology,Phone,13,579.58,7534.54,6747.65,0.0
2371,2024-07-04,CUST-032,North,Technology,Laptop,13,607.33,7895.29,7010.9,0.0
2368,2024-07-04,CUST-038,North,Office,Stapler,5,561.11,2805.55,1635.9,0.1
2800,2024-07-05,CUST-037,West,Office,Paper,10,745.61,7456.1,4330.9,0.0
1652,2024-07-05,CUST-011,North,Technology,Router,10,131.32,1313.2,990.1,0.2
2070,2024-07-05,CUST-017,West,Technology,Phone,13,239.8,3117.4,1806.61,0.0
2894,2024-07-06,CUST-052,East,Technology,Router,10,427.9,4279.0,2719.9,0.2
1605,2024-07-07,CUST-032,North,Office,Pens,2,631.54,1263.08,835.22,0.0
1324,2024-07-07,CUST-025,East,Office,Pens,12,344.73,4136.76,2491.32,0.05
2512,2024-07-07,CUST-006,South,Furniture,Table,14,347.38,4863.32,3039.26,0.0
1740,2024-07-08,CUST-035,East,Furniture,Table,1,625.22,625.22,454.59,0.15
3950,2024-07-08,CUST-011,North,Furniture,Table,15,397.42,5961.3,3445.5,0.1
2405,2024-07-09,CUST-040,North,Furniture,Bookcase,5,296.04,1480.2,816.8,0.15
2219,2024-07-09,CUST-041,East,Office,Pens,6,348.39,2090.34,1679.82,0.05
2557,2024-07-09,CUST-034,East,Furniture,Table,1,109.43,109.43,91.17,0.05
1982,2024-07-09,CUST-012,North,Office,Stapler,12,462.97,5555.64,4834.56,0.0
1384,2024-07-09,CUST-011,North,Furniture,Table,8,200.85,1606.8,1111.52,0.0
1241,2024-07-09,CUST-024,East,Furniture,Bookcase,11,237.38,2611.18,2313.96,0.0
3271,2024-07-09,CUST-060,North,Furniture,Table,3,248.66,745.98,634.44,0.0
2261,2024-07-10,CUST-011,North,Technology,Monitor,1,664.65,664.65,505.92,0.0
3778,2024-07-10,CUST-049,South,Furniture,Table,14,771.45,10800.3,7913.36,0.1
2519,2024-07-11,CUST-029,North,Technology,Router,11,776.18,8537.98,4987.07,0.0
1956,2024-07-11,CUST-029,North,Office,Pens,13,545.18,7087.34,5617.56,0.0
2116,2024-07-11,CUST-006,South,Technology,Monitor,1,168.83,168.83,141.07,0.15
2828,2024-07-11,CUST-040,North,Office,Stapler,15,80.27,1204.05,759.15,0.05
3375,2024-07-11,CUST-033,East,Technology,Router,1,551.5,551.5,472.24,0.1
2804,2024-07-11,CUST-046,South,Furniture,Desk,5,129.53,647.65,427.75,0.0
1116,2024-07-11,CUST-056,East,Office,Paper,11,698.11,7679.21,5465.24,0.0
3676,2024-07-12,CUST-031,West,Furniture,Table,11,93.08,1023.88,865.04,0.2
3984,2024-07-12,CUST-060,North,Office,Binders,2,223.65,447.3,302.46,0.0
2235,2024-07-13,CUST-034,East,Office,Stapler,15,574.53,8617.95,5097.3,0.0
1910,2024-07-13,CUST-041,East,Office,Pens,8,86.19,689.52,531.92,0.15
1263,2024-07-13,CUST-027,South,Technology,Monitor,14,275.4,3855.6,2900.1,0.0
3125,2024-07-13,CUST-048,North,Furniture,Bookcase,8,254.19,2033.52,1466.56,0.1
2410,2024-07-13,CUST-048,North,Furniture,Chair,6,709.19,4255.14,3396.54,0.0
1532,2024-07-13,CUST-017,West,Furniture,Table,7,594.65,4162.55,3138.8,0.1
1771,2024-07-14,CUST-060,North,Office,Paper,2,543.96,1087.92,759.62,0.0
1544,2024-07-14,CUST-035,East,Technology,Phone,1,715.76,715.76,583.27,0.1
2604,2024-07-14,CUST-057,East,Furniture,Table,10,345.49,3454.9,3102.1,0.0
3200,2024-07-14,CUST-049,South,Furniture,Bookcase,14,183.21,2564.94,1983.66,0.2
2125,2024-07-15,CUST-032,North,Office,Pens,8,564.06,4512.48,2514.72,0.0
2325,2024-07-15,CUST-037,West,Technology,Monitor,4,66.01,264.04,162.12,0.2
1343,2024-07-15,CUST-044,North,Furniture,Desk,2,736.08,1472.16,1079.88,0.0
2198,2024-07-15,CUST-015,North,Office,Paper,13,239.28,3110.64,2714.01,0.0
3107,2024-07-16,CUST-027,South,Office,Pens,3,755.47,2266.41,1816.95,0.1
3376,2024-07-16,CUST-032,North,Office,Binders,1,355.18,355.18,271.58,0.05
2172,2024-07-16,CUST-041,East,Office,Pens,9,523.22,4708.98,3651.21,0.0
2794,2024-07-17,CUST-041,East,Office,Paper,6,96.03,576.18,426.6,0.2
1600,2024-07-17,CUST-054,East,Technology,Phone,13,478.94,6226.22,5033.6,0.0
1624,2024-07-17,CUST-014,South,Furniture,Desk,3,163.51,490.53,375.69,0.0
2540,2024-07-17,CUST-041,East,Office,Pens,3,206.98,620.94,536.67,0.0
2906,2024-07-17,CUST-020,East,Technology,Router,6,517.55,3105.3,2293.26,0.0
2312,2024-07-17,CUST-005,South,Furniture,Chair,15,117.09,1756.35,1539.0,0.0
3067,2024-07-18,CUST-026,South,Furniture,Desk,5,414.36,2071.8,1302.8,0.15
1675,2024-07-18,CUST-059,East,Office,Pens,6,771.36,4628.16,2993.4,0.1
2230,2024-07-18,CUST-001,North,Technology,Phone,1,452.66,452.66,271.52,0.05
3298,2024-07-18,CUST-025,East,Furniture,Table,4,52.68,210.72,138.24,0.0
2357,2024-07-18,CUST-023,West,Furniture,Table,2,431.72,863.44,560.42,0.15
3139,2024-07-18,CUST-041,East,Furniture,Bookcase,9,285.79,2572.11,2129.31,0.15
1394,2024-07-18,CUST-054,East,Furniture,Chair,14,300.05,4200.7,2324.42,0.0
1769,2024-07-19,CUST-049,South,Technology,Router,9,174.52,1570.68,1081.17,0.1
2200,2024-07-19,CUST-003,East,Furniture,Table,15,569.16,8537.4,6506.4,0.0
3726,2024-07-19,CUST-007,North,Furniture,Table,8,574.55,4596.4,4123.28,0.0
1446,2024-07-19,CUST-048,North,Office,Binders,8,307.25,2458.0,2188.0,0.2
2528,2024-07-19,CUST-019,West,Furniture,Desk,4,625.97,2503.88,1860.52,0.0
3335,2024-07-20,CUST-018,South,Office,Stapler,15,432.41,6486.15,4907.85,0.1
2611,2024-07-20,CUST-043,South,Office,Binders,2,576.29,1152.58,691.46,0.15
1632,2024-07-20,CUST-012,North,Office,Paper,14,238.88,3344.32,2806.72,0.1
3098,2024-07-20,CUST-044,North,Furniture,Desk,2,794.46,1588.92,1313.78,0.15
3868,2024-07-20,CUST-033,East,Technology,Router,6,711.34,4268.04,2955.66,0.05
1387,2024-07-20,CUST-052,East,Technology,Laptop,13,700.14,9101.82,5601.57,0.0
2562,2024-07-21,CUST-005,South,Office,Stapler,11,609.84,6708.24,4435.64,0.0
2963,2024-07-21,CUST-010,North,Office,Paper,12,726.69,8720.28,5971.32,0.0
2148,2024-07-21,CUST-042,East,Furniture,Bookcase,15,653.23,9798.45,7614.0,0.2
2303,2024-07-21,CUST-016,South,Office,Paper,7,585.49,4098.43,2700.88,0.15
2972,2024-07-22,CUST-012,North,Furniture,Desk,3,675.21,2025.63,1271.4,0.0
1213,2024-07-23,CUST-050,North,Furniture,Table,9,431.42,3882.78,3448.62,0.2
2101,2024-07-23,CUST-058,South,Office,Binders,6,539.11,3234.66,2721.06,0.1
1369,2024-07-23,CUST-021,North,Furniture,Bookcase,14,632.98,8861.72,6006.14,0.1
3587,2024-07-23,CUST-014,South,Technology,Laptop,12,124.31,1491.72,1257.12,0.0
1467,2024-07-23,CUST-027,South,Office,Stapler,1,88.42,88.42,60.48,0.05
3929,2024-07-24,CUST-028,East,Office,Pens,9,690.43,6213.87,5112.63,0.05
1539,2024-07-24,CUST-025,East,Office,Pens,7,62.17,435.19,369.46,0.0
3652,2024-07-24,CUST-014,South,Technology,Laptop,6,175.19,1051.14,825.0,0.2
2043,2024-07-24,CUST-018,South,Office,Stapler,15,461.57,6923.55,5326.8,0.1
1014,2024-07-24,CUST-034,East,Office,Stapler,4,744.55,2978.2,2425.28,0.15
3947,2024-07-25,CUST-032,North,Technology,Monitor,12,536.07,6432.84,3875.04,0.0
1505,2024-07-25,CUST-052,East,Technology,Monitor,1,350.23,350.23,313.77,0.05
1826,2024-07-25,CUST-003,East,Furniture,Bookcase,9,648.71,5838.39,3645.0,0.15
3166,2024-07-25,CUST-035,East,Technology,Phone,5,453.88,2269.4,1653.95,0.0
1811,2024-07-26,CUST-020,East,Furniture,Table,5,508.63,2543.15,1503.35,0.0
3004,2024-07-26,CUST-041,East,Furniture,Bookcase,10,407.81,4078.1,2508.7,0.05
2976,2024-07-26,CUST-054,East,Office,Binders,9,754.91,6794.19,5186.61,0.2
1684,2024-07-26,CUST-048,North,Technology,Monitor,12,208.8,2505.6,1610.88,0.0
1788,2024-07-26,CUST-022,South,Furniture,Desk,4,528.93,2115.72,1593.92,0.15
1663,2024-07-27,CUST-028,East,Office,Pens,10,234.94,2349.4,1851.8,0.2
3729,2024-07-27,CUST-041,East,Furniture,Chair,3,589.75,1769.25,1542.48,0.0
1595,2024-07-27,CUST-019,West,Office,Pens,3,674.72,2024.16,1602.54,0.0
1037,2024-07-27,CUST-008,North,Technology,Monitor,5,239.77,1198.85,747.75,0.0
2302,2024-07-28,CUST-010,North,Technology,Monitor,2,155.47,310.94,230.74,0.2
3997,2024-07-28,CUST-009,West,Technology,Monitor,6,332.99,1997.94,1792.2,0.0
3169,2024-07-29,CUST-050,North,Furniture,Desk,3,107.9,323.7,221.94,0.0
2264,2024-07-30,CUST-011,North,Technology,Monitor,9,346.36,3117.24,2525.31,0.05
3051,2024-07-30,CUST-030,North,Technology,Monitor,12,269.84,3238.08,2590.2,0.05
3385,2024-07-30,CUST-027,South,Furniture,Bookcase,8,537.23,4297.84,3654.08,0.0
3383,2024-07-30,CUST-014,South,Office,Paper,14,563.05,7882.7,5475.96,0.0
1402,2024-07-30,CUST-040,North,Office,Stapler,3,500.6,1501.8,1238.52,0.2
3737,2024-07-30,CUST-044,North,Office,Paper,8,361.94,2895.52,2376.48,0.2
2543,2024-07-31,CUST-019,West,Furniture,Desk,2,80.36,160.72,135.9,0.2
2856,2024-07-31,CUST-026,South,Technology,Laptop,11,399.5,4394.5,3931.95,0.0
1102,2024-07-31,CUST-020,East,Office,Paper,10,768.88,7688.8,4495.9,0.2
2914,2024-08-01,CUST-042,East,Technology,Router,13,233.88,3040.44,2543.32,0.0
2495,2024-08-01,CUST-055,South,Furniture,Chair,15,575.95,8639.25,6816.45,0.0
3411,2024-08-02,CUST-053,West,Technology,Monitor,12,55.26,663.12,406.32,0.2
2778,2024-08-02,CUST-022,South,Office,Pens,13,595.07,7735.91,5922.28,0.05
1541,2024-08-02,CUST-032,North,Furniture,Desk,6,514.91,3089.46,1704.3,0.0
1820,2024-08-02,CUST-009,West,Technology,Phone,6,431.1,2586.6,1897.62,0.15
2190,2024-08-03,CUST-045,North,Technology,Monitor,12,454.05,5448.6,3529.68,0.05
3746,2024-08-03,CUST-017,West,Office,Pens,5,224.27,1121.35,637.75,0.1
2807,2024-08-03,CUST-044,North,Technology,Laptop,14,476.47,6670.58,4032.28,0.1
3756,2024-08-03,CUST-010,North,Technology,Router,1,325.68,325.68,272.24,0.1
1056,2024-08-03,CUST-048,North,Technology,Phone,7,447.39,3131.73,1722.91,0.0
1504,2024-08-04,CUST-033,East,Office,Binders,2,760.42,1520.84,1075.48,0.0
1913,2024-08-04,CUST-003,East,Furniture,Chair,6,634.47,3806.82,2150.82,0.0
2885,2024-08-04,CUST-009,West,Technology,Phone,14,319.7,4475.8,3459.26,0.0
2823,2024-08-05,CUST-031,West,Technology,Phone,2,387.22,774.44,612.1,0.15
2507,2024-08-05,CUST-013,South,Furniture,Bookcase,2,267.48,534.96,480.8,0.05
1919,2024-08-06,CUST-026,South,Furniture,Chair,11,469.25,5161.75,3087.04,0.2
1416,2024-08-06,CUST-041,East,Furniture,Desk,7,531.28,3718.96,2961.42,0.0
3805,2024-08-06,CUST-043,South,Office,Stapler,4,553.99,2215.96,1272.08,0.0
3089,2024-08-06,CUST-022,South,Technology,Phone,15,723.41,10851.15,6739.2,0.0
1522,2024-08-07,CUST-006,South,Furniture,Chair,7,58.73,411.11,348.95,0.2
2924,2024-08-07,CUST-046,South,Office,Pens,14,301.76,4224.64,3466.12,0.15
2732,2024-08-07,CUST-019,West,Technology,Monitor,11,703.17,7734.87,6828.25,0.2
3606,2024-08-07,CUST-016,South,Office,Stapler,13,431.06,5603.78,4058.21,0.0
2739,2024-08-08,CUST-054,East,Furniture,Table,11,203.19,2235.09,1456.84,0.1
2848,2024-08-08,CUST-033,East,Office,Binders,12,643.18,7718.16,5255.88,0.05
3023,2024-08-08,CUST-046,South,Office,Stapler,7,569.29,3985.03,3506.65,0.05
2076,2024-08-08,CUST-019,West,Office,Stapler,7,121.56,850.92,723.03,0.1
1939,2024-08-09,CUST-040,North,Technology,Monitor,2,341.12,682.24,499.82,0.2
3857,2024-08-09,CUST-059,East,Technology,Router,9,617.16,5554.44,4414.5,0.2
3500,2024-08-09,CUST-051,West,Office,Stapler,10,315.07,3150.7,2181.6,0.0
3134,2024-08-09,CUST-031,West,Office,Pens,3,203.42,610.26,537.12,0.2
3012,2024-08-09,CUST-015,North,Office,Binders,4,702.61,2810.44,1978.88,0.2
2608,2024-08-10,CUST-020,East,Furniture,Bookcase,2,643.83,1287.66,715.24,0.0
2005,2024-08-10,CUST-016,South,Office,Paper,2,659.28,1318.56,1077.44,0.1
1329,2024-08-10,CUST-056,East,Technology,Monitor,13,614.12,7983.56,6414.85,0.1
1944,2024-08-11,CUST-032,North,Technology,Laptop,9,607.4,5466.6,4332.87,0.05
3035,2024-08-11,CUST-055,South,Technology,Monitor,4,516.46,2065.84,1496.44,0.1
2054,2024-08-11,CUST-054,East,Office,Stapler,13,603.73,7848.49,4964.83,0.05
1310,2024-08-11,CUST-030,North,Office,Pens,12,36.98,443.76,283.56,0.0
3834,2024-08-11,CUST-058,South,Technology,Router,9,228.3,2054.7,1619.28,0.15
2736,2024-08-12,CUST-032,North,Furniture,Table,10,298.56,2985.6,2144.7,0.0
3865,2024-08-12,CUST-009,West,Technology,Monitor,1,236.06,236.06,188.86,0.0
2588,2024-08-12,CUST-039,West,Furniture,Table,2,551.31,1102.62,855.88,0.0
1476,2024-08-12,CUST-035,East,Furniture,Desk,8,49.61,396.88,226.08,0.1
2741,2024-08-12,CUST-026,South,Furniture,Table,7,223.35,1563.45,889.77,0.05
1142,2024-08-12,CUST-048,North,Furniture,Bookcase,13,643.11,8360.43,6374.55,0.0
2438,2024-08-13,CUST-045,North,Technology,Router,9,572.05,5148.45,3777.84,0.0
3969,2024-08-14,CUST-020,East,Furniture,Bookcase,14,722.88,10120.32,8836.8,0.15
1606,2024-08-14,CUST-034,East,Technology,Monitor,7,443.6,3105.2,2146.27,0.0
3559,2024-08-14,CUST-059,East,Furniture,Table,3,775.53,2326.59,1419.57,0.1
1484,2024-08-14,CUST-026,South,Office,Paper,3,489.86,1469.58,1282.02,0.1
3458,2024-08-15,CUST-013,South,Office,Pens,10,265.76,2657.6,2121.1,0.05
1579,2024-08-15,CUST-039,West,Furniture,Bookcase,12,372.98,4475.76,2614.32,0.15
1668,2024-08-15,CUST-053,West,Technology,Router,15,488.19,7322.85,4253.4,0.0
3927,2024-08-15,CUST-026,South,Technology,Phone,11,679.35,7472.85,6264.28,0.1
1460,2024-08-15,CUST-007,North,Furniture,Chair,13,639.17,8309.21,4923.23,0.0
3340,2024-08-15,CUST-043,South,Office,Pens,7,226.99,1588.93,1169.07,0.0
1973,2024-08-15,CUST-023,West,Technology,Phone,1,494.36,494.36,305.66,0.1
3909,2024-08-15,CUST-002,North,Office,Stapler,13,286.32,3722.16,3013.79,0.0
1573,2024-08-16,CUST-005,South,Furniture,Bookcase,4,278.1,1112.4,720.12,0.1
2504,2024-08-16,CUST-010,North,Technology,Phone,7,143.4,1003.8,692.37,0.0
3491,2024-08-16,CUST-057,East,Furniture,Desk,3,714.62,2143.86,1260.42,0.2
2206,2024-08-17,CUST-008,North,Office,Stapler,8,301.95,2415.6,1970.32,0.15
3019,2024-08-17,CUST-021,North,Technology,Monitor,12,291.71,3500.52,2785.56,0.1
2132,2024-08-17,CUST-052,East,Technology,Phone,7,108.9,762.3,479.78,0.1
2720,2024-08-17,CUST-007,North,Furniture,Bookcase,3,112.47,337.41,217.92,0.05
1174,2024-08-17,CUST-020,East,Furniture,Chair,10,415.78,4157.8,2512.0,0.05
3870,2024-08-17,CUST-030,North,Furniture,Bookcase,7,724.41,5070.87,2959.25,0.1
2756,2024-08-17,CUST-032,North,Office,Stapler,6,614.91,3689.46,2951.94,0.05
2354,2024-08-18,CUST-004,South,Furniture,Desk,14,579.08,8107.12,6865.32,0.2
1252,2024-08-18,CUST-054,East,Technology,Monitor,5,148.43,742.15,492.0,0.15
1119,2024-08-18,CUST-052,East,Technology,Monitor,5,449.65,2248.25,1671.1,0.0
2646,2024-08-18,CUST-037,West,Office,Binders,4,216.95,867.8,610.16,0.0
3835,2024-08-18,CUST-043,South,Technology,Phone,5,473.22,2366.1,2099.0,0.0
3769,2024-08-18,CUST-059,East,Furniture,Bookcase,14,87.5,1225.0,712.46,0.2
2773,2024-08-19,CUST-004,South,Office,Stapler,10,142.03,1420.3,955.4,0.1
3850,2024-08-19,CUST-009,West,Technology,Router,2,90.85,181.7,121.82,0.0
3702,2024-08-19,CUST-018,South,Technology,Router,5,342.69,1713.45,1450.8,0.0
2975,2024-08-19,CUST-024,East,Technology,Laptop,11,149.2,1641.2,1266.98,0.1
3077,2024-08-20,CUST-052,East,Furniture,Desk,1,378.75,378.75,302.52,0.1
3356,2024-08-20,CUST-013,South,Office,Stapler,13,477.36,6205.68,4927.78,0.15
1047,2024-08-21,CUST-055,South,Furniture,Desk,4,656.94,2627.76,1868.6,0.0
3400,2024-08-21,CUST-003,East,Furniture,Bookcase,8,611.96,4895.68,3605.04,0.05
3809,2024-08-21,CUST-058,South,Furniture,Desk,9,256.84,2311.56,1414.44,0.2
3438,2024-08-21,CUST-025,East,Office,Paper,4,342.12,1368.48,1134.72,0.1
3451,2024-08-22,CUST-049,South,Furniture,Bookcase,14,701.3,9818.2,6041.14,0.2
3861,2024-08-22,CUST-012,North,Office,Binders,10,249.75,2497.5,1485.0,0.2
2393,2024-08-22,CUST-023,West,Furniture,Bookcase,5,763.04,3815.2,2793.5,0.15
3339,2024-08-22,CUST-015,North,Furniture,Bookcase,5,715.38,3576.9,3034.15,0.2
1709,2024-08-22,CUST-017,West,Office,Binders,2,530.77,1061.54,912.84,0.0
1001,2024-08-22,CUST-060,North,Office,Binders,11,272.94,3002.34,2458.61,0.0
1418,2024-08-22,CUST-045,North,Furniture,Chair,14,349.4,4891.6,2916.62,0.0
1665,2024-08-23,CUST-037,West,Furniture,Table,12,127.69,1532.28,1306.08,0.0
2227,2024-08-23,CUST-057,East,Technology,Router,4,737.56,2950.24,2282.2,0.15
1793,2024-08-24,CUST-049,South,Office,Pens,10,462.29,4622.9,2916.2,0.0
3401,2024-08-24,CUST-028,East,Office,Paper,12,79.49,953.88,713.28,0.0
2652,2024-08-24,CUST-037,West,Technology,Monitor,13,423.45,5504.85,3222.05,0.05
1749,2024-08-24,CUST-054,East,Furniture,Chair,4,769.26,3077.04,1796.96,0.15
1092,2024-08-24,CUST-028,East,Office,Pens,6,568.23,3409.38,2198.46,0.0
1716,2024-08-24,CUST-049,South,Furniture,Bookcase,1,617.38,617.38,511.99,0.1
1104,2024-08-25,CUST-011,North,Technology,Router,8,557.71,4461.68,3187.76,0.0
2984,2024-08-25,CUST-008,North,Office,Pens,9,100.04,900.36,693.27,0.05
2492,2024-08-25,CUST-019,West,Technology,Monitor,11,381.22,4193.42,3605.58,0.0
2721,2024-08-25,CUST-057,East,Technology,Phone,15,222.35,3335.25,2542.05,0.0
1722,2024-08-26,CUST-012,North,Technology,Phone,5,117.53,587.65,413.4,0.0
3664,2024-08-26,CUST-014,South,Furniture,Bookcase,1,398.32,398.32,298.68,0.0
3693,2024-08-26,CUST-043,South,Office,Binders,14,701.04,9814.56,7853.16,0.0
3761,2024-08-28,CUST-013,South,Furniture,Table,13,92.49,1202.37,687.31,0.15
3544,2024-08-28,CUST-033,East,Furniture,Chair,12,530.77,6369.24,3707.4,0.0
1706,2024-08-28,CUST-034,East,Furniture,Table,3,163.43,490.29,273.63,0.15
2242,2024-08-28,CUST-041,East,Office,Paper,4,191.23,764.92,475.04,0.2
3273,2024-08-29,CUST-004,South,Office,Binders,5,447.39,2236.95,1967.85,0.0
2658,2024-08-29,CUST-009,West,Technology,Phone,15,610.73,9160.95,7963.65,0.0
3936,2024-08-29,CUST-035,East,Technology,Phone,7,553.27,3872.89,2796.71,0.0
2051,2024-08-29,CUST-043,South,Office,Paper,7,755.67,5289.69,4250.19,0.0
1873,2024-08-30,CUST-015,North,Technology,Router,10,25.8,258.0,186.9,0.15
1452,2024-08-30,CUST-053,West,Furniture,Chair,10,462.9,4629.0,3250.7,0.0
1933,2024-08-30,CUST-027,South,Technology,Phone,4,627.6,2510.4,1667.28,0.0
1139,2024-08-30,CUST-017,West,Furniture,Bookcase,4,799.51,3198.04,2714.08,0.0
3599,2024-08-30,CUST-052,East,Furniture,Chair,11,256.49,2821.39,2098.03,0.0
2642,2024-08-30,CUST-032,North,Office,Stapler,6,612.73,3676.38,3284.7,0.2
1210,2024-08-31,CUST-011,North,Technology,Monitor,12,361.39,4336.68,3008.76,0.15
1161,2024-08-31,CUST-017,West,Technology,Laptop,11,695.83,7654.13,4562.91,0.0
3550,2024-08-31,CUST-021,North,Office,Paper,7,521.97,3653.79,2882.18,0.2
2439,2024-08-31,CUST-019,West,Office,Pens,9,112.9,1016.1,638.46,0.1
3519,2024-08-31,CUST-007,North,Technology,Monitor,1,316.27,316.27,198.18,0.05
1485,2024-08-31,CUST-041,East,Office,Paper,15,407.02,6105.3,4065.6,0.0
1125,2024-09-01,CUST-036,North,Office,Stapler,8,747.62,5980.96,5109.92,0.15
1211,2024-09-01,CUST-029,North,Office,Pens,13,603.86,7850.18,5551.0,0.1
2271,2024-09-02,CUST-025,East,Office,Binders,12,463.52,5562.24,3825.36,0.0
3886,2024-09-02,CUST-006,South,Office,Stapler,5,192.07,960.35,716.3,0.2
1089,2024-09-03,CUST-001,North,Office,Binders,2,208.26,416.52,288.34,0.1
2583,2024-09-03,CUST-056,East,Office,Paper,3,379.54,1138.62,668.94,0.0
3120,2024-09-03,CUST-033,East,Office,Pens,4,352.69,1410.76,1183.0,0.15
3394,2024-09-04,CUST-018,South,Office,Pens,12,334.9,4018.8,2298.96,0.0
3199,2024-09-04,CUST-058,South,Office,Paper,8,132.6,1060.8,610.24,0.0
3806,2024-09-04,CUST-057,East,Office,Pens,8,219.71,1757.68,1436.72,0.2
2533,2024-09-04,CUST-053,West,Office,Pens,6,152.92,917.52,688.38,0.05
2472,2024-09-05,CUST-055,South,Technology,Phone,8,132.43,1059.44,899.12,0.05
2619,2024-09-05,CUST-002,North,Furniture,Chair,13,129.66,1685.58,1462.11,0.2
3934,2024-09-05,CUST-012,North,Office,Pens,4,309.84,1239.36,703.04,0.05
2980,2024-09-05,CUST-049,South,Furniture,Desk,3,395.13,1185.39,718.44,0.2
1368,2024-09-05,CUST-026,South,Furniture,Bookcase,12,562.07,6744.84,4868.76,0.1
3529,2024-09-05,CUST-029,North,Technology,Router,14,664.54,9303.56,7965.3,0.1
3109,2024-09-05,CUST-059,East,Furniture,Chair,1,652.39,652.39,542.91,0.0
3607,2024-09-05,CUST-032,North,Office,Pens,3,472.07,1416.21,1055.67,0.1
2702,2024-09-06,CUST-039,West,Furniture,Table,6,229.96,1379.76,1162.62,0.0
2236,2024-09-07,CUST-013,South,Office,Stapler,12,311.92,3743.04,2844.12,0.15
2601,2024-09-07,CUST-010,North,Furniture,Desk,11,795.39,8749.29,5905.9,0.0
2871,2024-09-07,CUST-009,West,Furniture,Chair,15,44.09,661.35,497.4,0.05
2140,2024-09-08,CUST-006,South,Furniture,Bookcase,12,608.78,7305.36,4940.04,0.15
1800,2024-09-08,CUST-039,West,Office,Paper,9,105.27,947.43,672.57,0.0
3345,2024-09-08,CUST-035,East,Office,Binders,1,554.37,554.37,320.36,0.15
1940,2024-09-09,CUST-038,North,Furniture,Table,5,31.31,156.55,109.55,0.2
3707,2024-09-09,CUST-009,West,Office,Binders,1,678.96,678.96,559.03,0.0
3740,2024-09-09,CUST-046,South,Technology,Laptop,13,680.5,8846.5,6744.27,0.05
2314,2024-09-09,CUST-032,North,Office,Pens,12,65.01,780.12,534.24,0.05
2802,2024-09-09,CUST-051,West,Technology,Monitor,11,312.13,3433.43,1986.05,0.15
3372,2024-09-10,CUST-026,South,Office,Paper,5,143.87,719.35,632.2,0.2
2237,2024-09-10,CUST-059,East,Technology,Monitor,14,437.67,6127.38,5063.38,0.0
3968,2024-09-10,CUST-049,South,Furniture,Table,6,739.63,4437.78,3083.76,0.05
1587,2024-09-11,CUST-039,West,Furniture,Table,7,784.01,5488.07,4777.71,0.2
1423,2024-09-11,CUST-023,West,Furniture,Bookcase,13,129.07,1677.91,1085.5,0.0
3174,2024-09-11,CUST-059,East,Furniture,Table,9,485.46,4369.14,3618.72,0.15
2612,2024-09-11,CUST-028,East,Office,Paper,5,190.71,953.55,682.35,0.0
1732,2024-09-11,CUST-051,West,Office,Stapler,12,485.05,5820.6,3957.96,0.0
2841,2024-09-11,CUST-041,East,Technology,Laptop,6,590.89,3545.34,2609.16,0.05
3380,2024-09-11,CUST-045,North,Technology,Monitor,14,519.84,7277.76,4308.36,0.15
1759,2024-09-12,CUST-007,North,Technology,Router,6,141.76,850.56,546.72,0.1
3638,2024-09-12,CUST-041,East,Office,Paper,4,566.94,2267.76,1935.0,0.0
2208,2024-09-12,CUST-006,South,Office,Paper,12,195.99,2351.88,1861.2,0.0
2960,2024-09-12,CUST-006,South,Office,Paper,12,334.99,4019.88,3458.76,0.0
1459,2024-09-12,CUST-053,West,Technology,Laptop,7,686.59,4806.13,3578.54,0.1
2401,2024-09-12,CUST-028,East,Furniture,Table,3,311.16,933.48,550.41,0.15
1717,2024-09-12,CUST-051,West,Technology,Phone,4,341.15,1364.6,1018.24,0.05
1725,2024-09-13,CUST-018,South,Furniture,Chair,9,386.71,3480.39,2148.3,0.2
2784,2024-09-13,CUST-041,East,Furniture,Desk,14,361.05,5054.7,3561.46,0.15
3712,2024-09-13,CUST-004,South,Technology,Phone,13,125.99,1637.87,1204.84,0.1
3808,2024-09-14,CUST-003,East,Office,Stapler,8,171.13,1369.04,1015.52,0.15
3553,2024-09-14,CUST-011,North,Furniture,Desk,13,602.25,7829.25,6642.09,0.0
3641,2024-09-14,CUST-024,East,Furniture,Bookcase,6,242.33,1453.98,1228.92,0.0
3502,2024-09-14,CUST-050,North,Technology,Phone,10,282.74,2827.4,2469.3,0.0
2040,2024-09-14,CUST-033,East,Furniture,Table,11,441.16,4852.76,3008.83,0.05
2653,2024-09-14,CUST-004,South,Office,Pens,1,194.74,194.74,171.22,0.2
3171,2024-09-15,CUST-024,East,Furniture,Chair,11,508.37,5592.07,4185.06,0.2
3327,2024-09-15,CUST-024,East,Technology,Router,4,289.17,1156.68,655.96,0.2
3379,2024-09-16,CUST-042,East,Office,Stapler,1,782.7,782.7,541.58,0.0
3211,2024-09-16,CUST-018,South,Office,Stapler,13,741.48,9639.24,7506.98,0.0
2380,2024-09-17,CUST-017,West,Furniture,Table,11,724.85,7973.35,5501.76,0.0
3878,2024-09-17,CUST-024,East,Furniture,Chair,5,473.35,2366.75,1946.85,0.2
1136,2024-09-17,CUST-044,North,Technology,Router,15,474.86,7122.9,4496.4,0.15
3745,2024-09-17,CUST-033,East,Furniture,Chair,14,351.49,4920.86,4409.72,0.0
2316,2024-09-17,CUST-045,North,Office,Binders,5,492.24,2461.2,2167.05,0.0
2098,2024-09-18,CUST-052,East,Technology,Laptop,9,762.48,6862.32,4690.35,0.05
2855,2024-09-18,CUST-030,North,Office,Stapler,4,435.15,1740.6,1060.92,0.05
2986,2024-09-18,CUST-005,South,Office,Pens,15,232.24,3483.6,3120.6,0.05
3378,2024-09-18,CUST-019,West,Furniture,Desk,10,687.79,6877.9,4082.9,0.05
1286,2024-09-19,CUST-019,West,Technology,Phone,12,81.64,979.68,855.6,0.15
1745,2024-09-19,CUST-003,East,Office,Stapler,11,402.13,4423.43,3398.89,0.1
3059,2024-09-19,CUST-011,North,Furniture,Chair,3,438.81,1316.43,801.15,0.15
3971,2024-09-21,CUST-026,South,Office,Binders,13,493.82,6419.66,5404.23,0.2
2151,2024-09-21,CUST-049,South,Office,Binders,1,41.76,41.76,34.61,0.1
1776,2024-09-21,CUST-002,North,Furniture,Desk,12,439.64,5275.68,3277.92,0.1
1679,2024-09-21,CUST-050,North,Furniture,Table,15,477.72,7165.8,4009.8,0.0
2202,2024-09-22,CUST-036,North,Technology,Monitor,2,478.77,957.54,776.66,0.0
2152,2024-09-22,CUST-016,South,Furniture,Table,9,106.14,955.26,545.4,0.0
2692,2024-09-22,CUST-038,North,Furniture,Chair,9,579.54,5215.86,2979.72,0.15
1691,2024-09-22,CUST-001,North,Office,Binders,7,473.19,3312.33,2199.05,0.1
1065,2024-09-22,CUST-028,East,Office,Stapler,15,144.14,2162.1,1841.1,0.05
2689,2024-09-22,CUST-036,North,Furniture,Chair,8,160.25,1282.0,1048.8,0.0
1634,2024-09-23,CUST-002,North,Office,Stapler,13,480.23,6242.99,5413.98,0.1
3267,2024-09-23,CUST-059,East,Furniture,Chair,7,218.84,1531.88,965.09,0.0
1458,2024-09-23,CUST-010,North,Technology,Monitor,6,329.07,1974.42,1119.78,0.0
1966,2024-09-23,CUST-011,North,Technology,Laptop,1,795.14,795.14,597.22,0.05
2682,2024-09-23,CUST-019,West,Office,Stapler,7,466.63,3266.41,2446.22,0.1
1031,2024-09-24,CUST-039,West,Technology,Laptop,7,532.75,3729.25,2788.87,0.0
3060,2024-09-24,CUST-044,North,Office,Stapler,5,438.28,2191.4,1423.65,0.1
2679,2024-09-25,CUST-003,East,Office,Pens,15,40.27,604.05,460.95,0.0
1739,2024-09-26,CUST-059,East,Office,Binders,2,434.29,868.58,614.34,0.2
3015,2024-09-26,CUST-037,West,Furniture,Bookcase,12,641.5,7698.0,5214.6,0.2
1008,2024-09-26,CUST-050,North,Office,Pens,2,248.93,497.86,301.38,0.0
1437,2024-09-26,CUST-047,East,Technology,Laptop,6,649.54,3897.24,2514.48,0.0
2686,2024-09-27,CUST-052,East,Office,Paper,2,259.38,518.76,405.3,0.2
2159,2024-09-27,CUST-044,North,Office,Stapler,10,456.0,4560.0,3751.0,0.2
1105,2024-09-27,CUST-019,West,Office,Pens,12,690.49,8285.88,4763.64,0.0
3972,2024-09-27,CUST-018,South,Office,Stapler,5,196.6,983.0,843.75,0.05
1036,2024-09-27,CUST-034,East,Technology,Phone,15,537.44,8061.6,7083.15,0.0
2086,2024-09-27,CUST-048,North,Furniture,Table,5,724.18,3620.9,2325.05,0.2
1494,2024-09-28,CUST-014,South,Technology,Router,12,452.21,5426.52,4742.52,0.1
1025,2024-09-28,CUST-031,West,Technology,Router,15,65.74,986.1,673.2,0.05
1498,2024-09-28,CUST-031,West,Technology,Phone,13,330.02,4290.26,3094.13,0.15
3609,2024-09-28,CUST-026,South,Office,Paper,9,166.98,1502.82,846.36,0.0
3685,2024-09-28,CUST-045,North,Office,Pens,14,495.66,6939.24,4748.52,0.0
1013,2024-09-28,CUST-053,West,Technology,Monitor,3,534.61,1603.83,1413.6,0.0
3300,2024-09-28,CUST-037,West,Furniture,Desk,1,793.0,793.0,481.5,0.0
1003,2024-09-28,CUST-014,South,Office,Stapler,7,710.05,4970.35,3852.03,0.0
1106,2024-09-29,CUST-051,West,Office,Binders,7,109.53,766.71,482.02,0.0
2075,2024-09-29,CUST-032,North,Technology,Monitor,12,178.45,2141.4,1886.88,0.2
3569,2024-09-29,CUST-016,South,Furniture,Table,14,267.51,3745.14,2080.82,0.1
2797,2024-09-30,CUST-043,South,Technology,Laptop,4,663.54,2654.16,1925.68,0.15
2133,2024-09-30,CUST-032,North,Furniture,Bookcase,13,297.09,3862.17,2187.25,0.1
1953,2024-09-30,CUST-056,East,Office,Binders,13,601.11,7814.43,4914.52,0.0
1007,2024-09-30,CUST-017,West,Office,Paper,11,582.16,6403.76,5049.99,0.1
1704,2024-09-30,CUST-006,South,Technology,Phone,4,264.52,1058.08,823.76,0.15
3733,2024-10-01,CUST-009,West,Technology,Monitor,9,272.95,2456.55,1568.79,0.2
1362,2024-10-01,CUST-058,South,Technology,Monitor,11,316.97,3486.67,2087.14,0.0
1410,2024-10-01,CUST-055,South,Technology,Router,4,775.14,3100.56,2600.44,0.05
1562,2024-10-01,CUST-043,South,Office,Binders,6,298.87,1793.22,1261.02,0.1
1436,2024-10-02,CUST-023,West,Office,Pens,3,310.06,930.18,755.7,0.2
3565,2024-10-02,CUST-011,North,Technology,Monitor,9,669.76,6027.84,4019.13,0.0
2910,2024-10-02,CUST-021,North,Office,Stapler,11,484.28,5327.08,3707.22,0.15
1084,2024-10-03,CUST-041,East,Furniture,Desk,7,157.39,1101.73,807.17,0.15
3349,2024-10-03,CUST-005,South,Technology,Laptop,14,750.94,10513.16,9291.1,0.0
1358,2024-10-03,CUST-021,North,Furniture,Chair,2,24.05,48.1,31.64,0.0
1000,2024-10-03,CUST-039,West,Office,Binders,9,588.72,5298.48,3217.23,0.05
2938,2024-10-04,CUST-056,East,Furniture,Desk,11,182.87,2011.57,1319.67,0.05
2462,2024-10-04,CUST-058,South,Office,Pens,10,657.7,6577.0,4419.3,0.0
1779,2024-10-04,CUST-018,South,Technology,Router,11,757.24,8329.64,4775.43,0.15
3893,2024-10-04,CUST-022,South,Technology,Phone,4,360.54,1442.16,1078.04,0.2
3260,2024-10-05,CUST-010,North,Office,Stapler,14,499.74,6996.36,4778.9,0.1
3276,2024-10-05,CUST-060,North,Technology,Monitor,13,26.82,348.66,296.14,0.2
1108,2024-10-05,CUST-059,East,Furniture,Table,2,385.58,771.16,506.22,0.05
2385,2024-10-06,CUST-027,South,Technology,Phone,11,89.4,983.4,853.82,0.2
1231,2024-10-06,CUST-013,South,Furniture,Bookcase,14,629.06,8806.84,7512.54,0.0
2038,2024-10-06,CUST-052,East,Technology,Laptop,12,678.47,8141.64,4747.8,0.0
2280,2024-10-06,CUST-035,East,Office,Stapler,3,80.52,241.56,197.43,0.15
3145,2024-10-06,CUST-001,North,Furniture,Bookcase,14,504.11,7057.54,5269.6,0.2
1890,2024-10-06,CUST-059,East,Office,Pens,14,356.79,4995.06,4352.32,0.2
2550,2024-10-07,CUST-021,North,Technology,Monitor,2,587.64,1175.28,1033.0,0.0
3713,2024-10-07,CUST-012,North,Technology,Phone,15,313.54,4703.1,3204.0,0.2
2205,2024-10-07,CUST-044,North,Office,Paper,14,752.23,10531.22,7386.54,0.05
2916,2024-10-07,CUST-021,North,Office,Binders,13,187.68,2439.84,1771.38,0.2
3341,2024-10-07,CUST-053,West,Furniture,Desk,7,21.76,152.32,86.31,0.0
2842,2024-10-08,CUST-012,North,Technology,Laptop,3,586.89,1760.67,1358.4,0.05
3789,2024-10-08,CUST-005,South,Office,Stapler,4,741.77,2967.08,2564.96,0.05
1066,2024-10-08,CUST-049,South,Technology,Phone,13,626.59,8145.67,5861.7,0.0
1253,2024-10-08,CUST-023,West,Office,Pens,14,81.51,1141.14,706.02,0.1
1687,2024-10-08,CUST-024,East,Office,Pens,8,720.53,5764.24,4947.68,0.1
3898,2024-10-09,CUST-055,South,Furniture,Desk,2,685.69,1371.38,869.22,0.05
3143,2024-10-09,CUST-032,North,Furniture,Bookcase,2,370.6,741.2,609.34,0.2
2589,2024-10-09,CUST-008,North,Technology,Laptop,10,227.62,2276.2,1304.4,0.0
2990,2024-10-09,CUST-027,South,Technology,Laptop,14,620.56,8687.84,7339.64,0.15
3151,2024-10-09,CUST-036,North,Technology,Router,13,264.99,3444.87,3024.32,0.05
3523,2024-10-09,CUST-010,North,Furniture,Bookcase,9,53.54,481.86,402.93,0.05
3940,2024-10-10,CUST-054,East,Office,Stapler,11,304.99,3354.89,1919.5,0.15
1528,2024-10-10,CUST-036,North,Office,Pens,5,553.84,2769.2,1989.95,0.0
1881,2024-10-11,CUST-043,South,Furniture,Chair,5,398.11,1990.55,1183.15,0.0
3408,2024-10-11,CUST-057,East,Furniture,Chair,2,412.89,825.78,520.46,0.1
2048,2024-10-11,CUST-028,East,Office,Paper,4,144.3,577.2,345.04,0.0
2278,2024-10-12,CUST-036,North,Office,Binders,12,761.01,9132.12,5470.92,0.2
3862,2024-10-12,CUST-009,West,Office,Binders,1,216.53,216.53,140.12,0.05
3240,2024-10-12,CUST-013,South,Furniture,Bookcase,4,664.07,2656.28,1942.24,0.05
1048,2024-10-12,CUST-015,North,Technology,Monitor,7,276.04,1932.28,1647.31,0.2
1785,2024-10-13,CUST-041,East,Furniture,Table,15,799.96,11999.4,10759.05,0.1
2776,2024-10-13,CUST-035,East,Office,Binders,2,482.26,964.52,565.24,0.0
2966,2024-10-13,CUST-026,South,Furniture,Desk,8,504.62,4036.96,2991.6,0.0
1465,2024-10-13,CUST-002,North,Furniture,Table,3,296.08,888.24,770.91,0.0
2918,2024-10-13,CUST-031,West,Technology,Router,12,768.59,9223.08,7353.24,0.0
3257,2024-10-13,CUST-015,North,Technology,Router,10,149.2,1492.0,911.2,0.0
3791,2024-10-13,CUST-012,North,Office,Binders,15,456.79,6851.85,4555.35,0.15
3234,2024-10-14,CUST-036,North,Technology,Monitor,13,520.29,6763.77,4594.85,0.05
2552,2024-10-14,CUST-028,East,Office,Stapler,15,170.58,2558.7,1562.25,0.15
2342,2024-10-14,CUST-028,East,Office,Paper,3,744.62,2233.86,1483.89,0.05
3905,2024-10-14,CUST-060,North,Technology,Laptop,6,589.31,3535.86,2497.44,0.1
2683,2024-10-14,CUST-011,North,Furniture,Table,12,794.24,9530.88,6036.72,0.0
3994,2024-10-14,CUST-015,North,Office,Pens,1,147.43,147.43,123.14,0.1
3363,2024-10-14,CUST-004,South,Furniture,Desk,12,221.46,2657.52,1814.64,0.0
2085,2024-10-14,CUST-028,East,Technology,Phone,2,264.35,528.7,471.86,0.05
1470,2024-10-14,CUST-021,North,Furniture,Bookcase,3,40.33,120.99,91.83,0.0
3625,2024-10-15,CUST-012,North,Furniture,Bookcase,13,426.37,5542.81,3338.79,0.2
1619,2024-10-15,CUST-023,West,Office,Paper,5,633.78,3168.9,2077.15,0.0
1265,2024-10-15,CUST-006,South,Furniture,Table,4,187.81,751.24,505.96,0.0
3956,2024-10-16,CUST-005,South,Furniture,Chair,13,292.3,3799.9,3163.94,0.0
1123,2024-10-16,CUST-018,South,Furniture,Bookcase,15,634.42,9516.3,6123.9,0.0
1894,2024-10-17,CUST-001,North,Furniture,Chair,9,101.05,909.45,642.15,0.0
2165,2024-10-17,CUST-032,North,Technology,Monitor,3,631.36,1894.08,1321.35,0.0
2530,2024-10-17,CUST-046,South,Office,Stapler,1,752.9,752.9,620.22,0.1
3252,2024-10-18,CUST-037,West,Technology,Laptop,2,283.33,566.66,435.5,0.0
3496,2024-10-18,CUST-016,South,Office,Binders,11,719.71,7916.81,6451.83,0.2
2524,2024-10-18,CUST-028,East,Furniture,Desk,9,484.02,4356.18,3223.44,0.05
3838,2024-10-19,CUST-032,North,Technology,Router,6,218.98,1313.88,1135.98,0.0
1802,2024-10-19,CUST-004,South,Technology,Phone,8,330.47,2643.76,1735.84,0.2
2177,2024-10-19,CUST-021,North,Furniture,Bookcase,2,109.42,218.84,127.98,0.0
2395,2024-10-19,CUST-006,South,Technology,Monitor,2,148.79,297.58,169.64,0.15
1291,2024-10-19,CUST-042,East,Furniture,Table,11,175.58,1931.38,1713.8,0.0
2045,2024-10-20,CUST-027,South,Furniture,Chair,11,178.78,1966.58,1365.54,0.2
2863,2024-10-20,CUST-021,North,Office,Stapler,4,690.06,2760.24,1996.2,0.05
2268,2024-10-21,CUST-059,East,Office,Stapler,8,380.9,3047.2,1717.68,0.0
1284,2024-10-21,CUST-021,North,Furniture,Bookcase,9,748.29,6734.61,5578.92,0.0
3922,2024-10-21,CUST-015,North,Office,Binders,15,427.33,6409.95,4889.4,0.0
3648,2024-10-21,CUST-016,South,Technology,Router,12,198.77,2385.24,1378.44,0.0
3238,2024-10-22,CUST-034,East,Office,Paper,5,510.71,2553.55,2239.35,0.2
2009,2024-10-22,CUST-008,North,Furniture,Chair,9,126.01,1134.09,926.28,0.15
2882,2024-10-22,CUST-045,North,Furniture,Bookcase,10,47.88,478.8,286.8,0.1
2860,2024-10-23,CUST-055,South,Technology,Laptop,7,190.28,1331.96,1195.11,0.1
2434,2024-10-23,CUST-027,South,Office,Paper,3,487.34,1462.02,1160.61,0.0
1990,2024-10-23,CUST-004,South,Furniture,Bookcase,7,516.27,3613.89,3195.78,0.0
3481,2024-10-24,CUST-049,South,Office,Binders,10,184.47,1844.7,1353.2,0.0
3453,2024-10-24,CUST-043,South,Technology,Router,7,260.03,1820.21,1505.77,0.2
2077,2024-10-24,CUST-053,West,Furniture,Desk,7,160.69,1124.83,930.65,0.0
1120,2024-10-25,CUST-054,East,Technology,Router,2,525.21,1050.42,634.34,0.15
3243,2024-10-25,CUST-021,North,Technology,Router,10,425.69,4256.9,2515.9,0.15
1955,2024-10-26,CUST-033,East,Office,Paper,8,573.66,4589.28,3613.6,0.1
3189,2024-10-26,CUST-023,West,Furniture,Desk,10,333.39,3333.9,2379.1,0.0
3987,2024-10-26,CUST-011,North,Office,Binders,1,689.22,689.22,426.09,0.05
3508,2024-10-27,CUST-004,South,Technology,Router,9,63.67,573.03,445.23,0.0
2949,2024-10-27,CUST-031,West,Technology,Laptop,10,645.86,6458.6,5510.6,0.15
1234,2024-10-27,CUST-047,East,Furniture,Chair,7,489.91,3429.37,2873.22,0.1
3721,2024-10-28,CUST-045,North,Office,Stapler,3,687.35,2062.05,1219.59,0.0
1490,2024-10-28,CUST-051,West,Office,Binders,3,372.0,1116.0,925.98,0.0
2214,2024-10-28,CUST-020,East,Office,Stapler,2,99.43,198.86,113.26,0.0
3473,2024-10-28,CUST-005,South,Technology,Phone,15,48.46,726.9,589.65,0.15
2164,2024-10-28,CUST-019,West,Technology,Monitor,2,309.74,619.48,555.58,0.0
3760,2024-10-29,CUST-054,East,Office,Stapler,12,321.26,3855.12,2135.4,0.0
1531,2024-10-29,CUST-026,South,Office,Pens,11,129.15,1420.65,793.98,0.05
1425,2024-10-29,CUST-057,East,Furniture,Desk,9,493.4,4440.6,2735.55,0.05
1146,2024-10-29,CUST-057,East,Furniture,Bookcase,14,148.34,2076.76,1806.56,0.05
1948,2024-10-30,CUST-041,East,Technology,Laptop,7,716.88,5018.16,3344.67,0.0
2061,2024-10-31,CUST-059,East,Furniture,Bookcase,5,90.4,452.0,378.75,0.0
1258,2024-10-31,CUST-019,West,Office,Pens,8,211.0,1688.0,1405.36,0.05
2513,2024-10-31,CUST-054,East,Technology,Laptop,15,723.28,10849.2,7265.85,0.2
2840,2024-10-31,CUST-035,East,Furniture,Desk,5,298.37,1491.85,829.65,0.0
1529,2024-11-01,CUST-041,East,Furniture,Bookcase,5,531.77,2658.85,2348.45,0.15
3283,2024-11-01,CUST-055,South,Furniture,Desk,13,48.41,629.33,362.31,0.0
1272,2024-11-02,CUST-009,West,Furniture,Bookcase,3,326.5,979.5,750.09,0.2
3691,2024-11-03,CUST-029,North,Office,Paper,7,37.2,260.4,219.17,0.0
1032,2024-11-03,CUST-014,South,Office,Pens,4,227.18,908.72,541.44,0.15
3097,2024-11-03,CUST-023,West,Furniture,Chair,15,308.58,4628.7,2832.9,0.1
3364,2024-11-03,CUST-022,South,Furniture,Chair,9,303.75,2733.75,1980.36,0.15
3223,2024-11-03,CUST-012,North,Office,Stapler,2,456.54,913.08,576.42,0.0
1984,2024-11-03,CUST-020,East,Furniture,Table,4,40.94,163.76,90.2,0.0
2599,2024-11-04,CUST-035,East,Furniture,Table,5,304.15,1520.75,843.65,0.0
1992,2024-11-04,CUST-039,West,Technology,Phone,14,266.64,3732.96,3157.14,0.2
1604,2024-11-04,CUST-060,North,Furniture,Chair,13,747.26,9714.38,7436.0,0.15
1095,2024-11-05,CUST-039,West,Furniture,Chair,14,171.41,2399.74,1510.88,0.0
2670,2024-11-05,CUST-014,South,Furniture,Bookcase,15,733.78,11006.7,6902.25,0.15
3880,2024-11-05,CUST-020,East,Office,Binders,12,195.28,2343.36,1630.68,0.0
2613,2024-11-05,CUST-052,East,Office,Stapler,7,331.31,2319.17,2009.49,0.0
3897,2024-11-05,CUST-039,West,Technology,Phone,13,753.16,9791.08,7358.0,0.05
2845,2024-11-05,CUST-052,East,Technology,Router,9,784.61,7061.49,4078.53,0.15
1151,2024-11-05,CUST-021,North,Office,Binders,11,69.31,762.41,639.21,0.15
2115,2024-11-05,CUST-020,East,Office,Pens,12,545.57,6546.84,5182.44,0.05
2039,2024-11-05,CUST-005,South,Office,Stapler,7,183.6,1285.2,1064.77,0.15
1714,2024-11-06,CUST-035,East,Technology,Laptop,8,260.14,2081.12,1444.88,0.0
1195,2024-11-06,CUST-021,North,Office,Pens,3,363.01,1089.03,777.69,0.15
2024,2024-11-06,CUST-055,South,Furniture,Table,8,48.07,384.56,235.28,0.15
3170,2024-11-06,CUST-013,South,Office,Pens,14,558.0,7812.0,4882.64,0.1
1445,2024-11-07,CUST-021,North,Technology,Router,1,307.76,307.76,200.68,0.2
1879,2024-11-07,CUST-027,South,Furniture,Bookcase,5,150.66,753.3,597.55,0.1
3979,2024-11-07,CUST-003,East,Technology,Laptop,1,255.38,255.38,191.11,0.2
2145,2024-11-07,CUST-057,East,Office,Pens,7,333.56,2334.92,1840.65,0.1
2615,2024-11-08,CUST-009,West,Office,Binders,5,125.84,629.2,468.1,0.0
2678,2024-11-08,CUST-015,North,Technology,Router,3,534.74,1604.22,1181.31,0.15
2673,2024-11-08,CUST-018,South,Technology,Monitor,15,126.96,1904.4,1697.85,0.0
3321,2024-11-09,CUST-055,South,Furniture,Desk,12,388.68,4664.16,3303.96,0.1
2421,2024-11-09,CUST-002,North,Office,Binders,2,694.19,1388.38,948.44,0.1
2911,2024-11-09,CUST-015,North,Furniture,Table,15,687.87,10318.05,6771.45,0.0
1962,2024-11-09,CUST-032,North,Office,Stapler,8,257.18,2057.44,1226.64,0.2
3447,2024-11-10,CUST-044,North,Furniture,Desk,9,465.71,4191.39,3287.43,0.15
2582,2024-11-10,CUST-033,East,Technology,Router,4,73.54,294.16,205.36,0.15
3047,2024-11-10,CUST-051,West,Furniture,Chair,9,668.38,6015.42,3704.49,0.0
3521,2024-11-10,CUST-008,North,Technology,Monitor,8,77.98,623.84,488.96,0.0
1011,2024-11-10,CUST-039,West,Furniture,Table,1,107.26,107.26,72.62,0.2
1482,2024-11-10,CUST-057,East,Office,Pens,4,539.11,2156.44,1800.76,0.05
1448,2024-11-10,CUST-023,West,Office,Paper,6,21.14,126.84,98.94,0.2
1664,2024-11-10,CUST-027,South,Office,Stapler,3,308.77,926.31,689.37,0.0
1834,2024-11-11,CUST-035,East,Technology,Router,3,484.25,1452.75,1238.64,0.2
3716,2024-11-11,CUST-032,North,Furniture,Bookcase,9,716.12,6445.08,4833.36,0.2
3322,2024-11-12,CUST-019,West,Office,Stapler,7,649.43,4546.01,2874.41,0.2
3959,2024-11-12,CUST-049,South,Furniture,Table,7,252.24,1765.68,1247.89,0.05
3914,2024-11-12,CUST-059,East,Technology,Router,14,552.29,7732.06,6226.78,0.0
2100,2024-11-13,CUST-019,West,Office,Binders,2,252.87,505.74,419.96,0.15
3732,2024-11-13,CUST-053,West,Office,Binders,6,787.05,4722.3,4164.12,0.0
1516,2024-11-14,CUST-048,North,Furniture,Bookcase,14,63.84,893.76,739.2,0.0
1444,2024-11-14,CUST-003,East,Furniture,Chair,15,382.77,5741.55,3725.1,0.2
3503,2024-11-14,CUST-054,East,Technology,Phone,7,442.35,3096.45,1963.78,0.2
1302,2024-11-14,CUST-008,North,Furniture,Bookcase,3,336.22,1008.66,732.18,0.15
2782,2024-11-15,CUST-016,South,Office,Stapler,7,623.66,4365.62,3480.19,0.0
3369,2024-11-15,CUST-035,East,Furniture,Bookcase,2,718.35,1436.7,1168.48,0.0
1545,2024-11-15,CUST-002,North,Office,Paper,11,592.21,6514.31,4098.71,0.0
1179,2024-11-15,CUST-048,North,Office,Binders,7,347.47,2432.29,1627.99,0.0
1390,2024-11-16,CUST-012,North,Office,Pens,15,499.3,7489.5,4341.45,0.0
1629,2024-11-16,CUST-038,North,Technology,Phone,13,266.74,3467.62,2426.97,0.0
2762,2024-11-16,CUST-018,South,Office,Binders,13,458.68,5962.84,4299.49,0.05
2567,2024-11-16,CUST-047,East,Furniture,Bookcase,6,607.88,3647.28,2517.06,0.1
3138,2024-11-16,CUST-024,East,Furniture,Desk,4,756.77,3027.08,2394.12,0.2
1388,2024-11-16,CUST-030,North,Technology,Phone,11,692.86,7621.46,5599.44,0.15
3990,2024-11-17,CUST-051,West,Office,Paper,1,450.69,450.69,390.1,0.15
2887,2024-11-17,CUST-026,South,Furniture,Desk,6,522.2,3133.2,2367.12,0.1
2558,2024-11-17,CUST-023,West,Technology,Laptop,4,532.42,2129.68,1448.6,0.2
2008,2024-11-17,CUST-012,North,Furniture,Table,7,187.13,1309.91,824.81,0.0
2110,2024-11-17,CUST-012,North,Technology,Router,1,84.97,84.97,72.81,0.0
2719,2024-11-17,CUST-003,East,Office,Binders,7,424.93,2974.51,2234.75,0.1
1753,2024-11-18,CUST-033,East,Furniture,Desk,9,798.78,7189.02,5068.62,0.0
1002,2024-11-18,CUST-053,West,Technology,Phone,7,228.84,1601.88,999.32,0.1
1393,2024-11-18,CUST-045,North,Office,Binders,9,150.16,1351.44,879.93,0.0
2023,2024-11-18,CUST-035,East,Technology,Laptop,7,706.5,4945.5,2926.21,0.05
1757,2024-11-18,CUST-034,East,Technology,Phone,1,254.26,254.26,159.59,0.2
3025,2024-11-18,CUST-052,East,Office,Stapler,3,617.71,1853.13,1654.95,0.1
2350,2024-11-19,CUST-034,East,Office,Binders,2,328.34,656.68,484.9,0.05
2288,2024-11-19,CUST-015,North,Technology,Laptop,6,272.23,1633.38,906.96,0.15
1229,2024-11-19,CUST-046,South,Furniture,Chair,5,177.24,886.2,732.8,0.0
1661,2024-11-19,CUST-037,West,Office,Paper,9,25.61,230.49,179.55,0.15
3764,2024-11-19,CUST-042,East,Technology,Monitor,6,261.28,1567.68,1337.58,0.1
2292,2024-11-21,CUST-025,East,Office,Binders,6,156.76,940.56,768.06,0.15
1842,2024-11-22,CUST-037,West,Furniture,Desk,6,176.43,1058.58,688.38,0.1
2671,2024-11-22,CUST-024,East,Office,Pens,14,529.84,7417.76,5447.54,0.0
1333,2024-11-23,CUST-033,East,Furniture,Table,2,646.2,1292.4,1037.6,0.2
1611,2024-11-24,CUST-052,East,Office,Stapler,8,54.2,433.6,374.8,0.0
1514,2024-11-24,CUST-007,North,Technology,Monitor,5,779.89,3899.45,2749.45,0.2
1166,2024-11-25,CUST-028,East,Office,Paper,8,575.67,4605.36,3247.92,0.0
3118,2024-11-25,CUST-037,West,Technology,Laptop,12,614.1,7369.2,4538.52,0.2
3427,2024-11-25,CUST-010,North,Office,Stapler,2,349.26,698.52,539.16,0.0
2335,2024-11-25,CUST-027,South,Office,Binders,1,789.22,789.22,698.57,0.2
3001,2024-11-25,CUST-041,East,Furniture,Desk,4,455.61,1822.44,1553.12,0.15
2870,2024-11-26,CUST-024,East,Office,Binders,3,388.29,1164.87,931.29,0.0
1085,2024-11-26,CUST-040,North,Office,Stapler,8,359.75,2878.0,2319.28,0.0
2811,2024-11-26,CUST-038,North,Furniture,Bookcase,10,314.77,3147.7,2379.5,0.0
2097,2024-11-26,CUST-047,East,Office,Binders,4,693.36,2773.44,2303.48,0.0
1109,2024-11-26,CUST-033,East,Office,Stapler,8,82.74,661.92,373.28,0.05
3328,2024-11-27,CUST-025,East,Technology,Router,8,533.5,4268.0,2941.2,0.15
2908,2024-11-27,CUST-031,West,Technology,Phone,15,495.43,7431.45,5572.5,0.0
3910,2024-11-27,CUST-058,South,Furniture,Table,8,123.0,984.0,689.28,0.15
1754,2024-11-27,CUST-036,North,Furniture,Bookcase,7,616.06,4312.42,3021.76,0.15
2516,2024-11-27,CUST-051,West,Office,Binders,2,583.72,1167.44,878.46,0.0
2094,2024-11-27,CUST-019,West,Office,Paper,7,311.38,2179.66,1907.64,0.0
1827,2024-11-27,CUST-045,North,Furniture,Bookcase,13,72.91,947.83,620.88,0.1
2752,2024-11-27,CUST-007,North,Office,Stapler,4,668.55,2674.2,2275.08,0.2
2096,2024-11-28,CUST-018,South,Office,Paper,6,776.42,4658.52,3632.04,0.05
2867,2024-11-28,CUST-040,North,Office,Paper,10,465.06,4650.6,3223.2,0.0
3126,2024-11-28,CUST-015,North,Office,Binders,1,558.87,558.87,387.52,0.05
3813,2024-11-28,CUST-012,North,Office,Paper,10,46.53,465.3,408.5,0.2
2920,2024-11-28,CUST-024,East,Furniture,Bookcase,2,388.04,776.08,666.1,0.0
1360,2024-11-28,CUST-007,North,Technology,Laptop,6,452.29,2713.74,2059.5,0.2
3384,2024-11-28,CUST-029,North,Technology,Monitor,12,525.41,6304.92,3739.68,0.0
3399,2024-11-28,CUST-026,South,Office,Pens,2,316.34,632.68,486.28,0.0
1932,2024-11-29,CUST-033,East,Technology,Laptop,15,203.53,3052.95,2154.45,0.1
3566,2024-11-29,CUST-051,West,Technology,Laptop,14,304.09,4257.26,2929.36,0.0
2065,2024-11-30,CUST-045,North,Furniture,Chair,6,348.28,2089.68,1682.7,0.1
1961,2024-11-30,CUST-056,East,Technology,Phone,7,471.39,3299.73,2572.22,0.2
2286,2024-11-30,CUST-015,North,Technology,Monitor,12,150.3,1803.6,1254.36,0.0
1453,2024-11-30,CUST-019,West,Furniture,Bookcase,15,644.64,9669.6,7689.75,0.15
1074,2024-11-30,CUST-009,West,Furniture,Desk,1,222.92,222.92,148.15,0.05
3705,2024-12-01,CUST-029,North,Furniture,Table,10,263.63,2636.3,2273.5,0.0
1408,2024-12-01,CUST-026,South,Office,Pens,12,750.34,9004.08,6115.32,0.05
1457,2024-12-01,CUST-052,East,Office,Pens,14,569.67,7975.38,6070.54,0.0
2937,2024-12-01,CUST-002,North,Office,Paper,13,119.31,1551.03,1042.21,0.0
1130,2024-12-02,CUST-031,West,Furniture,Bookcase,10,560.31,5603.1,4356.1,0.2
2267,2024-12-02,CUST-010,North,Furniture,Chair,14,331.4,4639.6,3863.16,0.1
2053,2024-12-03,CUST-017,West,Furniture,Chair,4,487.86,1951.44,1601.4,0.0
2892,2024-12-03,CUST-058,South,Technology,Monitor,6,538.11,3228.66,2226.06,0.0
1300,2024-12-03,CUST-021,North,Technology,Laptop,5,319.19,1595.95,1127.3,0.0
3053,2024-12-04,CUST-060,North,Furniture,Chair,15,207.5,3112.5,2598.3,0.2
1017,2024-12-04,CUST-015,North,Technology,Laptop,12,512.26,6147.12,3873.48,0.0
3891,2024-12-04,CUST-050,North,Office,Stapler,15,558.07,8371.05,6582.15,0.05
3316,2024-12-04,CUST-044,North,Office,Pens,11,466.16,5127.76,2892.78,0.0
1493,2024-12-05,CUST-002,North,Furniture,Desk,10,714.01,7140.1,4319.7,0.0
2298,2024-12-05,CUST-051,West,Technology,Router,11,653.91,7193.01,5845.73,0.0
1832,2024-12-05,CUST-020,East,Office,Pens,9,437.99,3941.91,2455.38,0.15
1630,2024-12-05,CUST-016,South,Technology,Router,5,675.29,3376.45,2015.75,0.15
1878,2024-12-05,CUST-004,South,Furniture,Chair,8,374.15,2993.2,2595.44,0.1
3605,2024-12-05,CUST-029,North,Technology,Monitor,10,155.98,1559.8,896.0,0.0
1347,2024-12-05,CUST-041,East,Technology,Monitor,2,409.89,819.78,575.38,0.2
2228,2024-12-05,CUST-030,North,Office,Binders,4,394.98,1579.92,1293.84,0.2
2225,2024-12-05,CUST-013,South,Office,Stapler,12,559.64,6715.68,4792.2,0.15
1376,2024-12-05,CUST-042,East,Office,Paper,10,787.21,7872.1,6196.2,0.05
2593,2024-12-06,CUST-048,North,Furniture,Desk,3,265.79,797.37,457.95,0.0
1124,2024-12-06,CUST-047,East,Furniture,Table,14,135.9,1902.6,1405.04,0.0
1190,2024-12-07,CUST-026,South,Office,Paper,7,699.01,4893.07,3968.44,0.0
3172,2024-12-07,CUST-014,South,Office,Paper,5,29.64,148.2,124.55,0.2
2622,2024-12-07,CUST-030,North,Technology,Laptop,1,230.74,230.74,206.55,0.0
3366,2024-12-07,CUST-060,North,Office,Paper,6,108.43,650.58,579.72,0.2
2812,2024-12-08,CUST-045,North,Technology,Phone,14,722.8,10119.2,6127.8,0.05
3810,2024-12-08,CUST-025,East,Office,Pens,7,733.7,5135.9,3795.75,0.0
2207,2024-12-08,CUST-004,South,Furniture,Table,9,370.11,3330.99,1838.07,0.0
2684,2024-12-11,CUST-052,East,Office,Pens,2,799.07,1598.14,1310.42,0.0
2760,2024-12-11,CUST-034,East,Office,Binders,1,618.58,618.58,394.78,0.0
3130,2024-12-11,CUST-038,North,Technology,Monitor,2,32.78,65.56,46.9,0.0
1297,2024-12-11,CUST-022,South,Technology,Router,11,220.67,2427.37,1493.25,0.15
3576,2024-12-11,CUST-035,East,Furniture,Bookcase,5,692.82,3464.1,2072.85,0.15
2815,2024-12-11,CUST-047,East,Furniture,Table,14,210.0,2940.0,2361.38,0.1
3039,2024-12-11,CUST-034,East,Technology,Laptop,8,170.66,1365.28,825.12,0.1
3474,2024-12-11,CUST-009,West,Office,Stapler,12,53.43,641.16,435.0,0.0
2031,2024-12-11,CUST-020,East,Office,Paper,15,556.63,8349.45,7131.45,0.0
1892,2024-12-11,CUST-050,North,Office,Binders,12,544.07,6528.84,5351.52,0.1
1201,2024-12-12,CUST-029,North,Office,Binders,6,310.82,1864.92,1210.38,0.05
3530,2024-12-12,CUST-057,East,Technology,Monitor,9,551.59,4964.31,3283.65,0.0
1678,2024-12-13,CUST-017,West,Office,Stapler,7,459.27,3214.89,2634.59,0.2
1232,2024-12-13,CUST-008,North,Furniture,Table,15,332.02,4980.3,3505.65,0.05
3856,2024-12-13,CUST-046,South,Office,Paper,7,453.69,3175.83,1796.13,0.0
1269,2024-12-13,CUST-018,South,Office,Paper,3,780.56,2341.68,1610.76,0.2
2126,2024-12-13,CUST-031,West,Furniture,Table,4,415.96,1663.84,1257.32,0.15
1856,2024-12-14,CUST-016,South,Office,Binders,9,144.04,1296.36,931.86,0.0
1259,2024-12-14,CUST-030,North,Technology,Laptop,3,362.89,1088.67,783.27,0.0
2150,2024-12-14,CUST-034,East,Office,Pens,4,92.4,369.6,274.64,0.1
1353,2024-12-14,CUST-033,East,Office,Pens,1,96.19,96.19,60.72,0.0
2210,2024-12-14,CUST-028,East,Technology,Phone,14,215.32,3014.48,1771.7,0.0
2224,2024-12-15,CUST-028,East,Furniture,Desk,4,519.63,2078.52,1289.6,0.0
2111,2024-12-15,CUST-038,North,Office,Stapler,13,542.8,7056.4,5421.65,0.0
2103,2024-12-15,CUST-052,East,Furniture,Desk,7,511.94,3583.58,2087.54,0.1
3646,2024-12-16,CUST-024,East,Furniture,Chair,3,482.34,1447.02,1235.67,0.0
2889,2024-12-16,CUST-031,West,Technology,Router,15,316.3,4744.5,3720.0,0.0
2808,2024-12-16,CUST-045,North,Furniture,Bookcase,11,652.51,7177.61,5948.03,0.0
2415,2024-12-16,CUST-010,North,Furniture,Chair,13,553.86,7200.18,4091.23,0.2
1382,2024-12-17,CUST-021,North,Technology,Phone,1,651.95,651.95,384.83,0.2
1411,2024-12-17,CUST-021,North,Furniture,Bookcase,9,470.79,4237.11,3169.98,0.05
1380,2024-12-17,CUST-059,East,Technology,Laptop,14,753.73,10552.22,6327.02,0.0
3029,2024-12-17,CUST-007,North,Furniture,Table,13,337.91,4392.83,3486.73,0.0
1091,2024-12-18,CUST-045,North,Technology,Phone,11,473.61,5209.71,3728.23,0.1
1623,2024-12-18,CUST-001,North,Office,Stapler,9,447.07,4023.63,2332.89,0.0
1260,2024-12-19,CUST-039,West,Technology,Phone,14,580.32,8124.48,6556.2,0.2
3436,2024-12-19,CUST-002,North,Technology,Laptop,1,536.39,536.39,461.31,0.05
1316,2024-12-20,CUST-044,North,Office,Stapler,9,315.84,2842.56,1791.9,0.05
2432,2024-12-21,CUST-013,South,Furniture,Bookcase,15,704.12,10561.8,8963.85,0.1
2970,2024-12-21,CUST-015,North,Furniture,Chair,2,449.36,898.72,587.32,0.2
3821,2024-12-21,CUST-006,South,Furniture,Chair,6,187.39,1124.34,901.5,0.0
3573,2024-12-22,CUST-018,South,Furniture,Desk,4,678.87,2715.48,1994.16,0.2
1853,2024-12-22,CUST-005,South,Furniture,Chair,6,393.35,2360.1,1996.68,0.0
1191,2024-12-23,CUST-050,North,Technology,Laptop,9,513.92,4625.28,3402.9,0.0
2603,2024-12-23,CUST-007,North,Furniture,Table,15,430.99,6464.85,4156.05,0.15
2734,2024-12-23,CUST-027,South,Office,Pens,10,316.63,3166.3,2388.5,0.15
3731,2024-12-24,CUST-023,West,Office,Stapler,14,607.0,8498.0,4816.98,0.1
3204,2024-12-25,CUST-038,North,Furniture,Chair,11,403.24,4435.64,2488.53,0.0
2598,2024-12-25,CUST-050,North,Technology,Laptop,5,647.04,3235.2,2159.45,0.05
2244,2024-12-26,CUST-017,West,Office,Paper,3,606.27,1818.81,1188.18,0.1
2522,2024-12-26,CUST-053,West,Technology,Router,11,799.26,8791.86,6109.62,0.0
1783,2024-12-26,CUST-020,East,Furniture,Table,7,600.62,4204.34,2339.4,0.15
2584,2024-12-26,CUST-002,North,Furniture,Desk,5,42.3,211.5,165.3,0.05
2650,2024-12-26,CUST-034,East,Furniture,Desk,14,181.83,2545.62,2137.38,0.1
1223,2024-12-27,CUST-002,North,Office,Binders,12,131.99,1583.88,1109.04,0.1
1680,2024-12-27,CUST-005,South,Furniture,Desk,11,566.92,6236.12,5176.38,0.05
3263,2024-12-27,CUST-005,South,Office,Stapler,3,634.69,1904.07,1185.27,0.0
3281,2024-12-28,CUST-036,North,Office,Stapler,15,429.54,6443.1,5713.35,0.1
2409,2024-12-28,CUST-052,East,Furniture,Chair,8,531.9,4255.2,2994.72,0.0
1682,2024-12-28,CUST-044,North,Office,Pens,2,452.55,905.1,554.34,0.0
2913,2024-12-28,CUST-026,South,Furniture,Chair,13,753.19,9791.47,5574.79,0.05
3570,2024-12-28,CUST-055,South,Technology,Laptop,5,761.3,3806.5,3149.35,0.0
3739,2024-12-28,CUST-002,North,Technology,Router,11,152.38,1676.18,964.59,0.05
2108,2024-12-29,CUST-028,East,Furniture,Chair,8,535.47,4283.76,3208.4,0.0
3457,2024-12-29,CUST-004,South,Furniture,Desk,4,734.86,2939.44,1831.64,0.2
2256,2024-12-29,CUST-056,East,Technology,Phone,12,27.55,330.6,275.64,0.2
2935,2024-12-29,CUST-044,North,Furniture,Table,11,539.01,5929.11,4858.81,0.1
3450,2024-12-29,CUST-030,North,Technology,Router,5,757.45,3787.25,2920.25,0.0
1872,2024-12-29,CUST-040,North,Technology,Router,9,350.82,3157.38,2642.85,0.05
3687,2024-12-30,CUST-029,North,Technology,Monitor,9,283.65,2552.85,1748.88,0.0
2443,2024-12-30,CUST-058,South,Office,Pens,6,788.5,4731.0,3638.52,0.0
2489,2024-12-30,CUST-049,South,Furniture,Table,9,172.01,1548.09,1258.83,0.15
3351,2024-12-30,CUST-030,North,Office,Paper,8,541.04,4328.32,2802.16,0.0
3016,2024-12-31,CUST-028,East,Furniture,Bookcase,15,741.89,11128.35,7034.7,0.1
2488,2024-12-31,CUST-051,West,Furniture,Chair,1,265.37,265.37,233.59,0.0
3124,2025-01-01,CUST-044,North,Office,Paper,10,224.7,2247.0,1896.3,0.05
2617,2025-01-01,CUST-007,North,Technology,Router,12,264.34,3172.08,2782.56,0.15
3692,2025-01-01,CUST-005,South,Technology,Laptop,10,718.93,7189.3,6455.8,0.0
1409,2025-01-01,CUST-038,North,Technology,Laptop,12,778.28,9339.36,7211.76,0.15
3631,2025-01-02,CUST-050,North,Technology,Monitor,8,112.55,900.4,582.0,0.05
2687,2025-01-02,CUST-055,South,Technology,Router,8,33.47,267.76,148.08,0.0
3829,2025-01-02,CUST-015,North,Office,Pens,15,499.99,7499.85,6466.2,0.1
1533,2025-01-02,CUST-022,South,Office,Binders,11,437.02,4807.22,3964.62,0.15
1868,2025-01-03,CUST-035,East,Technology,Monitor,8,128.47,1027.76,765.04,0.2
2648,2025-01-03,CUST-038,North,Technology,Laptop,4,45.93,183.72,110.08,0.0
1755,2025-01-03,CUST-039,West,Technology,Monitor,7,617.25,4320.75,3776.99,0.0
1332,2025-01-03,CUST-021,North,Furniture,Table,8,436.25,3490.0,2358.32,0.0
3371,2025-01-04,CUST-007,North,Office,Paper,2,715.29,1430.58,808.12,0.2
1640,2025-01-04,CUST-017,West,Furniture,Desk,1,541.5,541.5,395.98,0.2
1518,2025-01-04,CUST-012,North,Technology,Monitor,14,64.95,909.3,510.58,0.0
2471,2025-01-04,CUST-024,East,Office,Stapler,3,738.31,2214.93,1264.41,0.0
1004,2025-01-05,CUST-009,West,Technology,Phone,12,475.98,5711.76,4936.32,0.05
2704,2025-01-05,CUST-016,South,Furniture,Table,6,82.16,492.96,367.8,0.0
1083,2025-01-05,CUST-042,East,Furniture,Chair,14,347.65,4867.1,3511.9,0.05
3229,2025-01-05,CUST-033,East,Technology,Monitor,4,509.01,2036.04,1414.48,0.15
1155,2025-01-06,CUST-027,South,Furniture,Chair,12,309.01,3708.12,2614.92,0.0
2199,2025-01-06,CUST-006,South,Office,Pens,13,579.89,7538.57,4764.24,0.05
2059,2025-01-06,CUST-052,East,Technology,Monitor,5,451.13,2255.65,1484.75,0.15
2229,2025-01-06,CUST-052,East,Office,Stapler,4,332.24,1328.96,1115.16,0.0
1206,2025-01-06,CUST-043,South,Office,Paper,11,542.96,5972.56,4347.86,0.0
2050,2025-01-07,CUST-004,South,Technology,Phone,10,252.42,2524.2,1444.5,0.05
3577,2025-01-07,CUST-033,East,Furniture,Bookcase,9,513.09,4617.81,3724.29,0.05
3715,2025-01-07,CUST-017,West,Technology,Laptop,14,636.59,8912.26,5871.04,0.05
3608,2025-01-08,CUST-009,West,Technology,Laptop,13,546.67,7106.71,6326.58,0.0
3100,2025-01-08,CUST-052,East,Furniture,Chair,10,715.02,7150.2,4978.0,0.0
3824,2025-01-09,CUST-030,North,Office,Paper,15,296.02,4440.3,3597.15,0.15
1692,2025-01-09,CUST-012,North,Office,Pens,4,230.14,920.56,815.16,0.0
3489,2025-01-09,CUST-039,West,Office,Stapler,2,713.54,1427.08,932.52,0.1
2028,2025-01-10,CUST-044,North,Furniture,Bookcase,6,67.91,407.46,308.28,0.0
1398,2025-01-10,CUST-036,North,Office,Paper,10,109.08,1090.8,895.9,0.2
3315,2025-01-10,CUST-042,East,Technology,Laptop,1,387.54,387.54,217.58,0.0
3785,2025-01-10,CUST-005,South,Furniture,Chair,13,571.56,7430.28,6676.02,0.0
2838,2025-01-10,CUST-028,East,Technology,Router,5,51.08,255.4,218.05,0.05
2664,2025-01-11,CUST-009,West,Furniture,Table,9,127.46,1147.14,806.76,0.1
2057,2025-01-11,CUST-044,North,Technology,Phone,15,631.73,9475.95,5692.35,0.05
1078,2025-01-12,CUST-031,West,Office,Paper,10,759.25,7592.5,5411.6,0.0
3357,2025-01-12,CUST-054,East,Office,Stapler,9,621.25,5591.25,3833.1,0.15
3779,2025-01-12,CUST-025,East,Technology,Phone,2,451.57,903.14,498.58,0.1
1273,2025-01-12,CUST-038,North,Furniture,Table,12,459.08,5508.96,3945.6,0.0
1818,2025-01-12,CUST-012,North,Furniture,Bookcase,15,47.96,719.4,589.2,0.0
1034,2025-01-13,CUST-035,East,Technology,Phone,3,747.94,2243.82,1925.88,0.0
2158,2025-01-13,CUST-006,South,Technology,Router,15,121.45,1821.75,1138.95,0.0
2330,2025-01-14,CUST-034,East,Furniture,Table,8,610.39,4883.12,3718.64,0.0
3817,2025-01-14,CUST-025,East,Technology,Monitor,3,514.4,1543.2,1068.12,0.1
3403,2025-01-14,CUST-044,North,Office,Stapler,12,125.86,1510.32,1220.76,0.0
1327,2025-01-14,CUST-025,East,Technology,Phone,4,277.61,1110.44,641.48,0.05
3070,2025-01-14,CUST-005,South,Furniture,Chair,10,581.98,5819.8,4675.8,0.0
1835,2025-01-15,CUST-046,South,Furniture,Chair,5,342.82,1714.1,1240.95,0.0
3287,2025-01-15,CUST-058,South,Technology,Router,5,399.69,1998.45,1425.35,0.05
1214,2025-01-15,CUST-052,East,Office,Binders,14,215.0,3010.0,2331.0,0.2
1171,2025-01-16,CUST-044,North,Furniture,Chair,2,668.78,1337.56,779.3,0.0
1512,2025-01-16,CUST-003,East,Furniture,Bookcase,12,205.31,2463.72,1998.12,0.0
2501,2025-01-17,CUST-059,East,Office,Binders,8,306.05,2448.4,2070.56,0.0
3136,2025-01-17,CUST-040,North,Furniture,Chair,10,120.95,1209.5,784.6,0.15
1225,2025-01-17,CUST-034,East,Office,Paper,7,701.2,4908.4,2774.38,0.05
1344,2025-01-17,CUST-040,North,Office,Pens,14,296.46,4150.44,3437.56,0.0
3196,2025-01-17,CUST-048,North,Technology,Phone,8,111.2,889.6,717.12,0.2
2240,2025-01-17,CUST-033,East,Furniture,Bookcase,8,424.74,3397.92,2081.76,0.15
1773,2025-01-17,CUST-040,North,Technology,Router,1,740.89,740.89,468.04,0.15
1935,2025-01-17,CUST-004,South,Furniture,Desk,4,743.75,2975.0,2110.0,0.05
1217,2025-01-18,CUST-027,South,Technology,Router,9,311.69,2805.21,1922.04,0.0
2323,2025-01-18,CUST-027,South,Office,Stapler,11,244.91,2694.01,1888.04,0.0
1527,2025-01-18,CUST-026,South,Office,Paper,1,418.98,418.98,327.57,0.2
3034,2025-01-18,CUST-001,North,Furniture,Table,5,41.57,207.85,180.15,0.1
2243,2025-01-18,CUST-026,South,Technology,Phone,7,713.19,4992.33,3744.16,0.2
3439,2025-01-19,CUST-021,North,Furniture,Chair,6,261.9,1571.4,957.9,0.1
2308,2025-01-19,CUST-035,East,Technology,Monitor,5,316.75,1583.75,1040.6,0.0
3520,2025-01-20,CUST-053,West,Office,Pens,3,384.83,1154.49,855.63,0.0
2730,2025-01-20,CUST-021,North,Technology,Laptop,11,509.28,5602.08,3563.34,0.1
3752,2025-01-20,CUST-009,West,Furniture,Chair,5,675.0,3375.0,2660.7,0.0
1525,2025-01-20,CUST-015,North,Furniture,Bookcase,12,774.28,9291.36,7200.48,0.05
2353,2025-01-20,CUST-018,South,Office,Stapler,11,666.38,7330.18,5301.67,0.15
2033,2025-01-21,CUST-058,South,Furniture,Bookcase,1,562.85,562.85,425.4,0.0
3933,2025-01-21,CUST-010,North,Office,Binders,3,592.72,1778.16,1198.14,0.0
1313,2025-01-21,CUST-047,East,Office,Stapler,6,794.43,4766.58,3259.74,0.2
2451,2025-01-21,CUST-026,South,Technology,Monitor,12,605.35,7264.2,4025.28,0.0
2749,2025-01-21,CUST-050,North,Office,Binders,1,232.52,232.52,137.95,0.2
3279,2025-01-21,CUST-046,South,Technology,Monitor,3,519.31,1557.93,1268.28,0.0
3772,2025-01-21,CUST-049,South,Technology,Router,7,447.62,3133.34,2045.96,0.0
3056,2025-01-21,CUST-020,East,Technology,Phone,7,558.42,3908.94,2718.87,0.05
2331,2025-01-22,CUST-044,North,Furniture,Bookcase,14,206.89,2896.46,1959.3,0.05
2386,2025-01-22,CUST-010,North,Technology,Phone,1,96.4,96.4,86.07,0.0
1860,2025-01-23,CUST-012,North,Furniture,Table,2,486.64,973.28,768.82,0.1
2803,2025-01-23,CUST-020,East,Office,Binders,12,609.55,7314.6,4362.84,0.0
3094,2025-01-23,CUST-010,North,Furniture,Chair,13,50.72,659.36,565.76,0.05
2662,2025-01-23,CUST-060,North,Technology,Laptop,13,629.82,8187.66,5065.45,0.1
2383,2025-01-23,CUST-039,West,Technology,Router,14,139.72,1956.08,1755.32,0.05
1365,2025-01-24,CUST-007,North,Technology,Phone,1,760.08,760.08,506.42,0.1
2509,2025-01-24,CUST-010,North,Office,Binders,6,463.2,2779.2,2489.4,0.2
2944,2025-01-24,CUST-024,East,Furniture,Bookcase,9,107.35,966.15,685.89,0.0
2940,2025-01-24,CUST-054,East,Furniture,Chair,8,696.68,5573.44,4731.68,0.0
2483,2025-01-24,CUST-039,West,Technology,Router,8,264.29,2114.32,1637.92,0.2
3753,2025-01-25,CUST-015,North,Technology,Laptop,14,588.54,8239.56,6256.88,0.15
2345,2025-01-25,CUST-050,North,Office,Paper,11,287.72,3164.92,2748.9,0.15
1786,2025-01-26,CUST-015,North,Technology,Phone,15,326.42,4896.3,2928.15,0.15
2915,2025-01-26,CUST-043,South,Office,Pens,5,669.39,3346.95,1868.55,0.05
1468,2025-01-26,CUST-042,East,Office,Binders,11,795.39,8749.29,6476.91,0.0
2786,2025-01-26,CUST-050,North,Office,Pens,12,350.78,4209.36,3224.16,0.0
1419,2025-01-26,CUST-025,East,Technology,Laptop,2,264.41,528.82,453.92,0.0
3150,2025-01-26,CUST-006,South,Furniture,Table,13,729.65,9485.45,5707.0,0.15
3953,2025-01-26,CUST-060,North,Technology,Phone,4,109.92,439.68,255.92,0.2
2586,2025-01-26,CUST-033,East,Furniture,Chair,8,232.62,1860.96,1087.2,0.15
1899,2025-01-26,CUST-050,North,Furniture,Bookcase,3,628.97,1886.91,1220.94,0.0
2777,2025-01-27,CUST-012,North,Furniture,Chair,3,641.57,1924.71,1454.25,0.2
1846,2025-01-27,CUST-029,North,Technology,Monitor,1,387.17,387.17,304.48,0.0
3843,2025-01-28,CUST-033,East,Furniture,Desk,1,138.14,138.14,119.63,0.0
2317,2025-01-28,CUST-016,South,Office,Binders,1,111.05,111.05,64.67,0.15
1422,2025-01-28,CUST-029,North,Technology,Laptop,15,98.36,1475.4,1200.0,0.1
3938,2025-01-29,CUST-042,East,Office,Pens,3,30.57,91.71,71.64,0.0
2457,2025-01-29,CUST-033,East,Furniture,Desk,1,731.49,731.49,408.46,0.05
2874,2025-01-29,CUST-001,North,Office,Paper,11,547.96,6027.56,5144.37,0.05
3881,2025-01-29,CUST-042,East,Office,Stapler,3,373.82,1121.46,667.62,0.0
3009,2025-01-29,CUST-055,South,Furniture,Desk,12,285.33,3423.96,2307.12,0.0
2578,2025-01-29,CUST-005,South,Furniture,Chair,4,30.24,120.96,75.68,0.2
3127,2025-01-29,CUST-060,North,Furniture,Table,14,721.29,10098.06,7152.04,0.0
1780,2025-01-30,CUST-043,South,Office,Pens,14,104.16,1458.24,951.3,0.15
2259,2025-01-30,CUST-022,South,Office,Stapler,7,179.28,1254.96,861.84,0.1
1976,2025-01-30,CUST-059,East,Office,Pens,7,135.4,947.8,804.51,0.0
3258,2025-01-30,CUST-007,North,Technology,Monitor,11,260.63,2866.93,2158.42,0.1
3084,2025-01-30,CUST-025,East,Office,Stapler,3,755.7,2267.1,1265.82,0.0
2824,2025-01-31,CUST-059,East,Furniture,Table,14,381.52,5341.28,3391.5,0.0
3815,2025-02-01,CUST-007,North,Technology,Laptop,2,797.49,1594.98,1135.54,0.1
1391,2025-02-01,CUST-008,North,Technology,Phone,2,162.77,325.54,258.06,0.1
3830,2025-02-01,CUST-023,West,Technology,Phone,11,462.32,5085.52,3057.78,0.0
3354,2025-02-02,CUST-035,East,Technology,Router,15,610.71,9160.65,6165.0,0.0
2853,2025-02-02,CUST-019,West,Office,Stapler,10,348.2,3482.0,2640.5,0.1
1071,2025-02-02,CUST-055,South,Furniture,Desk,8,191.15,1529.2,1074.32,0.0
1911,2025-02-02,CUST-009,West,Technology,Monitor,1,581.4,581.4,440.43,0.05
1357,2025-02-02,CUST-006,South,Furniture,Desk,7,575.11,4025.77,3107.37,0.15
1351,2025-02-02,CUST-053,West,Furniture,Chair,5,146.71,733.55,465.2,0.2
1070,2025-02-03,CUST-045,North,Technology,Router,8,24.6,196.8,132.48,0.2
2946,2025-02-03,CUST-028,East,Office,Pens,4,799.77,3199.08,1854.04,0.15
3551,2025-02-03,CUST-024,East,Technology,Phone,15,43.32,649.8,560.85,0.0
2933,2025-02-03,CUST-048,North,Furniture,Chair,7,468.3,3278.1,1810.27,0.2
2436,2025-02-03,CUST-032,North,Office,Paper,3,361.44,1084.32,789.66,0.1
2627,2025-02-04,CUST-007,North,Technology,Monitor,2,389.52,779.04,655.52,0.05
2263,2025-02-04,CUST-030,North,Technology,Phone,9,28.62,257.58,171.09,0.05
3505,2025-02-04,CUST-031,West,Technology,Laptop,1,540.82,540.82,394.73,0.1
1904,2025-02-04,CUST-041,East,Technology,Laptop,11,324.58,3570.38,2153.14,0.0
1851,2025-02-05,CUST-031,West,Technology,Monitor,3,691.66,2074.98,1589.28,0.0
2355,2025-02-05,CUST-045,North,Office,Paper,15,695.04,10425.6,6387.3,0.05
3594,2025-02-05,CUST-048,North,Furniture,Table,15,532.99,7994.85,5071.8,0.0
2194,2025-02-06,CUST-044,North,Technology,Router,9,718.31,6464.79,5147.01,0.2
3825,2025-02-06,CUST-042,East,Technology,Monitor,11,605.78,6663.58,3818.32,0.0
3320,2025-02-06,CUST-042,East,Office,Paper,8,493.06,3944.48,3120.72,0.0
3768,2025-02-06,CUST-058,South,Office,Stapler,7,229.56,1606.92,925.33,0.15
3602,2025-02-06,CUST-032,North,Office,Stapler,12,600.05,7200.6,5203.08,0.0
1314,2025-02-06,CUST-025,East,Technology,Monitor,11,691.02,7601.22,4496.25,0.1
3877,2025-02-07,CUST-025,East,Technology,Router,15,139.32,2089.8,1566.6,0.2
2449,2025-02-07,CUST-047,East,Technology,Phone,1,261.92,261.92,225.21,0.2
3280,2025-02-08,CUST-009,West,Technology,Phone,8,432.54,3460.32,2496.56,0.2
3230,2025-02-08,CUST-015,North,Furniture,Table,1,606.85,606.85,342.88,0.0
2082,2025-02-08,CUST-043,South,Office,Paper,1,217.85,217.85,167.06,0.0
2446,2025-02-08,CUST-014,South,Furniture,Desk,6,229.66,1377.96,1038.42,0.2
2189,2025-02-08,CUST-019,West,Technology,Monitor,12,436.59,5239.08,3009.72,0.0
1148,2025-02-08,CUST-047,East,Office,Stapler,14,647.58,9066.12,6146.98,0.2
3709,2025-02-08,CUST-047,East,Technology,Monitor,14,484.89,6788.46,5522.02,0.1
2479,2025-02-09,CUST-010,North,Technology,Laptop,10,605.88,6058.8,4399.6,0.0
3989,2025-02-09,CUST-029,North,Office,Stapler,9,598.33,5384.97,4233.51,0.15
1415,2025-02-09,CUST-024,East,Furniture,Chair,6,538.32,3229.92,2510.04,0.0
1293,2025-02-10,CUST-059,East,Technology,Router,15,673.33,10099.95,8856.3,0.0
2964,2025-02-10,CUST-012,North,Technology,Monitor,11,46.61,512.71,424.6,0.0
2252,2025-02-11,CUST-026,South,Office,Paper,8,530.19,4241.52,3801.44,0.0
1156,2025-02-11,CUST-007,North,Office,Pens,9,723.32,6509.88,5049.63,0.0
3524,2025-02-11,CUST-019,West,Technology,Monitor,8,179.81,1438.48,917.12,0.0
2876,2025-02-11,CUST-042,East,Office,Paper,8,395.03,3160.24,2541.2,0.0
3916,2025-02-11,CUST-039,West,Furniture,Desk,10,559.99,5599.9,3321.8,0.0
2321,2025-02-11,CUST-041,East,Office,Pens,14,131.32,1838.48,1492.96,0.15
1429,2025-02-11,CUST-038,North,Technology,Laptop,5,188.28,941.4,821.75,0.2
2435,2025-02-11,CUST-003,East,Office,Paper,13,778.53,10120.89,6240.26,0.2
1681,2025-02-12,CUST-034,East,Office,Paper,12,669.1,8029.2,5113.68,0.0
3896,2025-02-12,CUST-022,South,Office,Pens,9,88.28,794.52,531.99,0.2
3079,2025-02-12,CUST-047,East,Furniture,Table,7,381.54,2670.78,1784.72,0.15
2655,2025-02-12,CUST-035,East,Office,Binders,14,423.85,5933.9,4533.06,0.0
1563,2025-02-13,CUST-057,East,Office,Paper,6,655.67,3934.02,2415.48,0.05
3220,2025-02-14,CUST-005,South,Technology,Laptop,5,704.67,3523.35,2757.55,0.05
1693,2025-02-14,CUST-012,North,Furniture,Table,4,346.89,1387.56,1128.44,0.0
2241,2025-02-14,CUST-034,East,Office,Stapler,12,765.49,9185.88,6575.4,0.1
3722,2025-02-14,CUST-012,North,Furniture,Table,15,393.12,5896.8,4598.4,0.0
1752,2025-02-15,CUST-030,North,Office,Stapler,15,101.2,1518.0,1255.95,0.1
1511,2025-02-15,CUST-003,East,Technology,Phone,7,132.21,925.47,706.16,0.15
2037,2025-02-15,CUST-054,East,Office,Binders,5,226.82,1134.1,741.75,0.1
1165,2025-02-15,CUST-034,East,Furniture,Table,11,771.94,8491.34,4851.0,0.05
2833,2025-02-15,CUST-021,North,Technology,Router,11,374.66,4121.26,2967.91,0.15
2099,2025-02-16,CUST-012,North,Technology,Router,2,36.0,72.0,44.84,0.05
2363,2025-02-17,CUST-033,East,Office,Pens,10,358.38,3583.8,2157.4,0.15
2640,2025-02-17,CUST-017,West,Technology,Phone,10,765.05,7650.5,5139.9,0.1
1864,2025-02-17,CUST-020,East,Furniture,Bookcase,2,474.53,949.06,725.1,0.1
3041,2025-02-17,CUST-022,South,Technology,Phone,3,206.77,620.31,518.67,0.0
2251,2025-02-17,CUST-059,East,Furniture,Chair,13,253.59,3296.67,2761.98,0.2
1115,2025-02-17,CUST-003,East,Furniture,Chair,6,216.87,1301.22,768.48,0.2
2015,2025-02-17,CUST-048,North,Technology,Laptop,6,780.66,4683.96,3131.34,0.1
1548,2025-02-17,CUST-009,West,Furniture,Table,6,605.09,3630.54,2206.32,0.2
1090,2025-02-18,CUST-045,North,Furniture,Table,8,638.49,5107.92,2975.68,0.0
2511,2025-02-18,CUST-028,East,Furniture,Bookcase,11,157.36,1730.96,1037.85,0.0
3437,2025-02-18,CUST-041,East,Furniture,Chair,6,584.64,3507.84,2267.04,0.0
3305,2025-02-18,CUST-028,East,Furniture,Bookcase,6,753.15,4518.9,2960.76,0.15
3008,2025-02-18,CUST-005,South,Technology,Laptop,2,575.1,1150.2,1000.84,0.15
3875,2025-02-19,CUST-052,East,Technology,Laptop,7,399.74,2798.18,2029.72,0.0
1515,2025-02-20,CUST-018,South,Office,Stapler,10,523.53,5235.3,3223.8,0.0
2062,2025-02-20,CUST-014,South,Technology,Router,11,267.4,2941.4,2453.99,0.15
1290,2025-02-20,CUST-007,North,Office,Binders,1,772.32,772.32,689.12,0.0
3256,2025-02-20,CUST-048,North,Office,Pens,13,399.28,5190.64,3028.74,0.2
2850,2025-02-20,CUST-003,East,Office,Stapler,15,161.38,2420.7,1572.75,0.0
3986,2025-02-21,CUST-036,North,Furniture,Chair,15,179.67,2695.05,2322.0,0.0
3492,2025-02-21,CUST-019,West,Technology,Router,7,459.85,3218.95,2852.71,0.0
1359,2025-02-21,CUST-007,North,Technology,Laptop,3,356.16,1068.48,795.96,0.1
1616,2025-02-21,CUST-004,South,Technology,Phone,9,74.94,674.46,564.93,0.0
2011,2025-02-21,CUST-039,West,Office,Pens,11,781.42,8595.62,6063.2,0.1
2442,2025-02-22,CUST-024,East,Furniture,Chair,12,709.51,8514.12,5469.6,0.0
1371,2025-02-22,CUST-046,South,Technology,Router,13,247.24,3214.12,2547.22,0.2
3081,2025-02-22,CUST-051,West,Office,Pens,15,381.43,5721.45,4873.8,0.2
1054,2025-02-22,CUST-021,North,Office,Paper,12,722.04,8664.48,6303.36,0.15
2141,2025-02-23,CUST-010,North,Office,Stapler,13,197.98,2573.74,2137.85,0.05
2798,2025-02-23,CUST-006,South,Technology,Router,1,234.91,234.91,145.54,0.1
1581,2025-02-23,CUST-024,East,Office,Paper,1,719.56,719.56,519.77,0.2
3440,2025-02-24,CUST-047,East,Technology,Laptop,11,386.42,4250.62,2942.94,0.0
1278,2025-02-24,CUST-013,South,Technology,Router,6,346.65,2079.9,1444.56,0.0
3882,2025-02-24,CUST-009,West,Furniture,Chair,2,250.5,501.0,301.3,0.0
1134,2025-02-25,CUST-021,North,Technology,Phone,6,312.38,1874.28,1126.32,0.1
1341,2025-02-25,CUST-024,East,Technology,Router,11,400.53,4405.83,2433.42,0.1
2740,2025-02-25,CUST-057,East,Furniture,Chair,9,622.0,5598.0,3591.45,0.0
1791,2025-02-25,CUST-012,North,Furniture,Desk,12,43.0,516.0,341.4,0.05
3407,2025-02-25,CUST-049,South,Office,Paper,15,676.8,10152.0,8486.85,0.0
1924,2025-02-25,CUST-052,East,Furniture,Desk,4,131.61,526.44,339.48,0.05
3902,2025-02-26,CUST-020,East,Furniture,Bookcase,4,580.35,2321.4,1322.12,0.1
1719,2025-02-26,CUST-016,South,Office,Pens,5,525.8,2629.0,1935.4,0.0
3801,2025-02-26,CUST-010,North,Office,Stapler,7,482.62,3378.34,2535.68,0.2
3119,2025-02-26,CUST-049,South,Technology,Monitor,7,515.53,3608.71,2732.87,0.1
1796,2025-02-26,CUST-013,South,Technology,Laptop,7,616.34,4314.38,2395.61,0.0
1825,2025-02-27,CUST-030,North,Office,Paper,12,681.49,8177.88,6786.36,0.05
2746,2025-02-27,CUST-026,South,Office,Binders,5,645.0,3225.0,2801.65,0.0
1855,2025-02-27,CUST-021,North,Office,Paper,13,255.65,3323.45,2364.05,0.1
3842,2025-02-27,CUST-003,East,Furniture,Desk,1,517.02,517.02,457.91,0.1
1181,2025-02-28,CUST-044,North,Technology,Phone,8,536.31,4290.48,3089.04,0.05
1068,2025-02-28,CUST-009,West,Technology,Monitor,7,561.28,3928.96,3132.36,0.0
1981,2025-02-28,CUST-060,North,Office,Stapler,2,25.16,50.32,38.92,0.0
3662,2025-02-28,CUST-041,East,Technology,Laptop,4,381.33,1525.32,1073.32,0.0
3655,2025-02-28,CUST-016,South,Technology,Router,1,45.03,45.03,40.21,0.05
2138,2025-03-01,CUST-042,East,Furniture,Bookcase,14,127.46,1784.44,1511.44,0.05
2566,2025-03-01,CUST-058,South,Office,Paper,6,522.93,3137.58,1801.92,0.0
3467,2025-03-01,CUST-017,West,Office,Pens,14,783.62,10970.68,6493.48,0.15
3330,2025-03-01,CUST-056,East,Office,Binders,1,697.96,697.96,423.98,0.0
1379,2025-03-01,CUST-045,North,Office,Binders,6,798.21,4789.26,3443.34,0.0
1920,2025-03-01,CUST-049,South,Technology,Monitor,6,69.31,415.86,268.56,0.2
1747,2025-03-01,CUST-032,North,Technology,Router,13,518.36,6738.68,4557.54,0.15
2127,2025-03-02,CUST-059,East,Office,Stapler,3,708.88,2126.64,1707.78,0.05
2160,2025-03-02,CUST-038,North,Furniture,Table,8,557.43,4459.44,3932.08,0.15
2476,2025-03-02,CUST-024,East,Technology,Laptop,4,80.11,320.44,240.08,0.2
2632,2025-03-02,CUST-024,East,Office,Pens,7,320.94,2246.58,1864.52,0.05
1187,2025-03-03,CUST-030,North,Technology,Phone,10,354.84,3548.4,2453.9,0.15
1937,2025-03-04,CUST-003,East,Office,Paper,5,126.47,632.35,536.3,0.05
3675,2025-03-04,CUST-060,North,Technology,Monitor,1,653.26,653.26,418.63,0.0
3472,2025-03-04,CUST-039,West,Office,Binders,2,207.31,414.62,267.96,0.0
1810,2025-03-05,CUST-056,East,Technology,Monitor,14,132.79,1859.06,1522.92,0.0
1488,2025-03-05,CUST-023,West,Furniture,Chair,12,21.0,252.0,172.68,0.15
3973,2025-03-06,CUST-002,North,Office,Binders,3,195.13,585.39,443.52,0.1
1536,2025-03-06,CUST-058,South,Furniture,Chair,4,297.12,1188.48,963.24,0.0
3684,2025-03-07,CUST-043,South,Office,Stapler,3,248.42,745.26,421.68,0.1
2830,2025-03-07,CUST-010,North,Furniture,Bookcase,7,546.71,3826.97,2748.62,0.0
3149,2025-03-07,CUST-020,East,Furniture,Desk,3,250.96,752.88,421.68,0.15
2118,2025-03-08,CUST-055,South,Office,Binders,2,254.72,509.44,362.82,0.05
3633,2025-03-08,CUST-017,West,Technology,Monitor,1,129.86,129.86,93.32,0.0
3219,2025-03-08,CUST-035,East,Technology,Router,8,46.16,369.28,259.52,0.15
2102,2025-03-08,CUST-032,North,Furniture,Table,8,229.41,1835.28,1395.04,0.0
3584,2025-03-09,CUST-025,East,Furniture,Table,3,409.68,1229.04,1041.75,0.0
3846,2025-03-09,CUST-029,North,Furniture,Desk,2,153.37,306.74,247.82,0.2
1372,2025-03-09,CUST-044,North,Furniture,Desk,11,256.21,2818.31,1799.27,0.0
1613,2025-03-10,CUST-041,East,Technology,Monitor,11,511.02,5621.22,3511.09,0.15
3106,2025-03-10,CUST-044,North,Furniture,Table,6,306.1,1836.6,1339.62,0.2
2466,2025-03-10,CUST-006,South,Furniture,Desk,3,618.68,1856.04,1249.89,0.05
3480,2025-03-10,CUST-036,North,Technology,Router,10,104.84,1048.4,806.5,0.05
3717,2025-03-11,CUST-050,North,Furniture,Desk,4,629.38,2517.52,2094.2,0.0
2829,2025-03-11,CUST-003,East,Technology,Phone,7,92.42,646.94,442.75,0.0
1871,2025-03-11,CUST-006,South,Technology,Router,14,375.7,5259.8,4345.32,0.1
1235,2025-03-12,CUST-021,North,Technology,Laptop,6,535.52,3213.12,2111.88,0.1
2420,2025-03-12,CUST-015,North,Technology,Monitor,7,49.93,349.51,313.39,0.0
1560,2025-03-12,CUST-007,North,Technology,Laptop,14,246.64,3452.96,2867.9,0.0
3635,2025-03-12,CUST-039,West,Office,Paper,8,580.7,4645.6,4122.48,0.05
2774,2025-03-12,CUST-023,West,Office,Paper,15,170.26,2553.9,1658.7,0.2
2318,2025-03-13,CUST-026,South,Office,Paper,9,729.76,6567.84,5625.99,0.0
3923,2025-03-13,CUST-024,East,Furniture,Desk,13,296.15,3849.95,2291.51,0.05
3598,2025-03-13,CUST-037,West,Office,Binders,12,341.31,4095.72,2498.04,0.0
2361,2025-03-13,CUST-001,North,Furniture,Chair,11,632.69,6959.59,5918.77,0.05
1298,2025-03-13,CUST-051,West,Furniture,Desk,3,496.54,1489.62,1152.3,0.05
2422,2025-03-13,CUST-045,North,Office,Binders,4,282.22,1128.88,810.2,0.1
3425,2025-03-13,CUST-006,South,Furniture,Bookcase,6,448.15,2688.9,2258.22,0.0
2106,2025-03-13,CUST-020,East,Technology,Monitor,11,724.26,7966.86,6728.37,0.1
3248,2025-03-13,CUST-060,North,Office,Pens,9,462.61,4163.49,2580.21,0.0
1073,2025-03-14,CUST-035,East,Technology,Router,10,460.23,4602.3,2574.9,0.15
3827,2025-03-14,CUST-008,North,Technology,Phone,6,118.32,709.92,398.28,0.0
2029,2025-03-14,CUST-023,West,Office,Paper,13,715.25,9298.25,6224.66,0.0
3574,2025-03-14,CUST-026,South,Technology,Monitor,15,278.1,4171.5,3475.65,0.2
2337,2025-03-14,CUST-029,North,Technology,Router,7,596.58,4176.06,3457.3,0.0
1101,2025-03-15,CUST-015,North,Office,Stapler,8,728.63,5829.04,3812.64,0.1
2416,2025-03-15,CUST-028,East,Office,Paper,7,394.55,2761.85,1791.86,0.0
3798,2025-03-16,CUST-053,West,Office,Binders,4,54.2,216.8,154.32,0.2
1789,2025-03-16,CUST-056,East,Technology,Phone,12,570.01,6840.12,5016.12,0.0
3730,2025-03-16,CUST-034,East,Furniture,Desk,12,612.58,7350.96,5274.72,0.0
1901,2025-03-17,CUST-032,North,Technology,Router,3,523.48,1570.44,923.34,0.1
2425,2025-03-17,CUST-048,North,Furniture,Desk,5,388.21,1941.05,1684.75,0.0
2585,2025-03-17,CUST-017,West,Technology,Laptop,6,356.55,2139.3,1289.4,0.1
1766,2025-03-18,CUST-047,East,Furniture,Table,13,484.2,6294.6,4574.05,0.0
3076,2025-03-18,CUST-047,East,Technology,Router,5,707.91,3539.55,2402.75,0.0
1866,2025-03-18,CUST-046,South,Office,Pens,2,691.77,1383.54,1180.14,0.0
3182,2025-03-18,CUST-010,North,Technology,Laptop,7,548.86,3842.02,2153.34,0.05
2989,2025-03-18,CUST-056,East,Furniture,Desk,14,682.97,9561.58,6913.9,0.15
3102,2025-03-19,CUST-021,North,Technology,Laptop,11,206.27,2268.97,1491.49,0.05
2506,2025-03-19,CUST-007,North,Technology,Monitor,12,104.51,1254.12,1110.96,0.05
3767,2025-03-19,CUST-025,East,Furniture,Chair,6,35.25,211.5,167.34,0.05
2553,2025-03-19,CUST-026,South,Technology,Phone,3,639.4,1918.2,1695.33,0.05
3853,2025-03-20,CUST-034,East,Office,Stapler,12,23.34,280.08,189.96,0.0
2680,2025-03-20,CUST-052,East,Office,Binders,13,41.33,537.29,431.99,0.1
1614,2025-03-21,CUST-054,East,Technology,Monitor,9,666.42,5997.78,5143.23,0.15
2814,2025-03-21,CUST-012,North,Technology,Router,13,500.96,6512.48,4934.8,0.15
2044,2025-03-21,CUST-024,East,Furniture,Desk,4,137.37,549.48,434.0,0.0
3807,2025-03-21,CUST-022,South,Technology,Router,9,67.17,604.53,514.89,0.1
1867,2025-03-21,CUST-045,North,Office,Stapler,11,268.14,2949.54,2017.4,0.05
3783,2025-03-22,CUST-036,North,Technology,Phone,2,494.67,989.34,749.2,0.0
3714,2025-03-22,CUST-051,West,Office,Stapler,7,408.05,2856.35,1620.99,0.2
2047,2025-03-22,CUST-013,South,Technology,Monitor,13,665.24,8648.12,6161.35,0.1
3309,2025-03-22,CUST-016,South,Technology,Router,15,537.05,8055.75,6615.75,0.0
2616,2025-03-23,CUST-006,South,Furniture,Table,9,163.03,1467.27,1208.79,0.2
3653,2025-03-23,CUST-039,West,Furniture,Desk,14,651.7,9123.8,8015.84,0.0
2821,2025-03-23,CUST-013,South,Technology,Phone,5,82.69,413.45,261.6,0.0
2927,2025-03-23,CUST-052,East,Technology,Laptop,15,791.92,11878.8,8086.05,0.1
3217,2025-03-24,CUST-011,North,Technology,Monitor,12,783.46,9401.52,7162.32,0.0
1200,2025-03-24,CUST-007,North,Furniture,Chair,9,523.98,4715.82,2658.33,0.15
3822,2025-03-24,CUST-052,East,Office,Pens,8,514.3,4114.4,3152.32,0.0
3674,2025-03-24,CUST-057,East,Furniture,Desk,10,786.63,7866.3,7004.0,0.0
2392,2025-03-25,CUST-024,East,Office,Binders,11,494.79,5442.69,4339.83,0.0
1735,2025-03-25,CUST-032,North,Technology,Phone,9,635.08,5715.72,4657.41,0.2
3013,2025-03-25,CUST-010,North,Technology,Phone,4,772.38,3089.52,2626.52,0.05
3296,2025-03-26,CUST-047,East,Office,Paper,3,747.7,2243.1,1530.42,0.15
3869,2025-03-26,CUST-001,North,Office,Paper,6,577.89,3467.34,2628.96,0.2
2691,2025-03-26,CUST-004,South,Technology,Laptop,11,50.03,550.33,434.5,0.2
3511,2025-03-27,CUST-010,North,Technology,Phone,4,517.25,2069.0,1333.56,0.05
1567,2025-03-27,CUST-056,East,Office,Binders,8,737.91,5903.28,3480.16,0.05
3998,2025-03-27,CUST-057,East,Technology,Monitor,1,191.18,191.18,122.12,0.05
1813,2025-03-28,CUST-039,West,Furniture,Desk,4,479.31,1917.24,1373.72,0.05
1997,2025-03-28,CUST-060,North,Technology,Router,6,263.03,1578.18,1068.24,0.2
2300,2025-03-28,CUST-045,North,Office,Binders,10,700.71,7007.1,5132.8,0.0
1772,2025-03-28,CUST-021,North,Furniture,Chair,13,257.76,3350.88,3001.31,0.1
3010,2025-03-29,CUST-007,North,Office,Pens,10,464.68,4646.8,2689.4,0.0
3259,2025-03-29,CUST-029,North,Technology,Monitor,2,680.88,1361.76,943.68,0.05
2900,2025-03-29,CUST-020,East,Office,Paper,10,355.21,3552.1,3078.8,0.15
1726,2025-03-29,CUST-053,West,Furniture,Chair,2,780.19,1560.38,1248.52,0.05
1599,2025-03-29,CUST-021,North,Office,Paper,1,600.06,600.06,372.69,0.2
3921,2025-03-29,CUST-044,North,Technology,Monitor,3,151.8,455.4,352.47,0.2
1395,2025-03-30,CUST-053,West,Furniture,Table,7,554.06,3878.42,2697.31,0.2
2066,2025-03-30,CUST-030,North,Office,Paper,13,60.64,788.32,610.61,0.15
2793,2025-03-30,CUST-048,North,Technology,Monitor,2,347.27,694.54,587.6,0.0
1462,2025-03-30,CUST-038,North,Furniture,Chair,1,797.79,797.79,494.0,0.15
2375,2025-03-31,CUST-016,South,Furniture,Chair,9,725.6,6530.4,4262.31,0.1
2724,2025-03-31,CUST-054,East,Technology,Phone,4,239.83,959.32,845.88,0.05
1859,2025-03-31,CUST-054,East,Furniture,Chair,10,484.94,4849.4,3219.4,0.0
3418,2025-03-31,CUST-043,South,Office,Binders,8,351.41,2811.28,2147.36,0.2
2195,2025-03-31,CUST-035,East,Technology,Laptop,9,44.14,397.26,334.17,0.15
1972,2025-04-01,CUST-044,North,Office,Paper,5,39.34,196.7,150.7,0.0
1308,2025-04-01,CUST-029,North,Technology,Monitor,12,474.86,5698.32,3315.48,0.1
3666,2025-04-01,CUST-038,North,Office,Pens,10,463.4,4634.0,2733.5,0.1
3266,2025-04-01,CUST-025,East,Office,Pens,6,317.16,1902.96,1373.64,0.15
1499,2025-04-01,CUST-006,South,Office,Stapler,3,309.4,928.2,634.44,0.0
3122,2025-04-01,CUST-023,West,Office,Paper,10,609.41,6094.1,4269.1,0.15
3137,2025-04-02,CUST-052,East,Office,Binders,6,460.96,2765.76,1979.52,0.0
2464,2025-04-02,CUST-051,West,Technology,Monitor,13,531.57,6910.41,4575.35,0.05
1318,2025-04-02,CUST-027,South,Office,Paper,4,180.74,722.96,423.16,0.0
3090,2025-04-02,CUST-020,East,Technology,Phone,10,729.21,7292.1,5499.8,0.2
2713,2025-04-04,CUST-039,West,Office,Paper,12,55.29,663.48,536.52,0.0
2293,2025-04-04,CUST-055,South,Office,Stapler,2,281.38,562.76,429.38,0.1
2153,2025-04-04,CUST-041,East,Office,Pens,2,57.23,114.46,89.04,0.0
3811,2025-04-04,CUST-004,South,Furniture,Table,15,235.83,3537.45,2007.6,0.0
2168,2025-04-05,CUST-054,East,Office,Binders,13,128.05,1664.65,1286.35,0.2
3575,2025-04-05,CUST-027,South,Technology,Phone,14,622.88,8720.32,6341.86,0.2
1385,2025-04-05,CUST-041,East,Office,Stapler,7,42.77,299.39,229.04,0.0
1807,2025-04-05,CUST-059,East,Office,Binders,12,591.94,7103.28,4133.52,0.15
2834,2025-04-06,CUST-028,East,Technology,Phone,7,221.75,1552.25,1198.26,0.1
2324,2025-04-06,CUST-012,North,Office,Binders,4,399.45,1597.8,1159.88,0.0
3747,2025-04-06,CUST-053,West,Office,Pens,12,71.45,857.4,652.44,0.0
1199,2025-04-06,CUST-029,North,Office,Binders,6,491.9,2951.4,2141.16,0.0
1354,2025-04-06,CUST-039,West,Office,Stapler,13,274.57,3569.41,2755.35,0.2
2881,2025-04-06,CUST-049,South,Technology,Phone,6,250.33,1501.98,1059.84,0.2
3673,2025-04-07,CUST-035,East,Furniture,Bookcase,5,437.38,2186.9,1325.8,0.0
1015,2025-04-07,CUST-046,South,Furniture,Table,11,526.9,5795.9,4076.49,0.1
1720,2025-04-08,CUST-013,South,Technology,Monitor,3,245.88,737.64,570.12,0.1
1943,2025-04-08,CUST-003,East,Furniture,Table,8,651.58,5212.64,4137.92,0.0
3486,2025-04-08,CUST-033,East,Furniture,Chair,13,245.69,3193.97,2398.5,0.0
1381,2025-04-08,CUST-030,North,Technology,Router,6,391.41,2348.46,1651.8,0.15
2539,2025-04-09,CUST-046,South,Office,Paper,10,318.28,3182.8,2577.5,0.0
1805,2025-04-09,CUST-058,South,Office,Binders,7,342.58,2398.06,1697.36,0.0
1930,2025-04-09,CUST-024,East,Furniture,Desk,7,216.08,1512.56,1158.43,0.2
1169,2025-04-09,CUST-008,North,Office,Binders,7,372.21,2605.47,1641.36,0.0
2708,2025-04-09,CUST-010,North,Office,Stapler,11,707.52,7782.72,4820.09,0.0
3247,2025-04-10,CUST-026,South,Technology,Laptop,4,653.35,2613.4,1670.44,0.05
3074,2025-04-10,CUST-025,East,Furniture,Desk,11,402.64,4429.04,2823.59,0.15
2226,2025-04-10,CUST-055,South,Office,Pens,10,253.71,2537.1,1687.2,0.0
2837,2025-04-10,CUST-001,North,Furniture,Bookcase,4,421.62,1686.48,1290.28,0.2
1340,2025-04-11,CUST-054,East,Office,Binders,2,571.59,1143.18,632.4,0.1
1121,2025-04-12,CUST-033,East,Office,Pens,7,671.08,4697.56,4195.31,0.0
2010,2025-04-12,CUST-036,North,Office,Paper,2,275.93,551.86,325.88,0.0
1577,2025-04-12,CUST-051,West,Office,Pens,15,416.5,6247.5,3888.45,0.15
3493,2025-04-13,CUST-040,North,Office,Paper,9,388.92,3500.28,2412.72,0.0
2270,2025-04-13,CUST-053,West,Technology,Router,4,160.07,640.28,490.6,0.05
2869,2025-04-13,CUST-048,North,Office,Stapler,9,418.84,3769.56,2327.94,0.0
1582,2025-04-13,CUST-007,North,Furniture,Desk,4,114.18,456.72,387.44,0.0
2134,2025-04-13,CUST-058,South,Technology,Laptop,12,59.33,711.96,627.36,0.2
3765,2025-04-13,CUST-054,East,Office,Paper,1,22.85,22.85,18.43,0.0
1364,2025-04-13,CUST-024,East,Furniture,Desk,12,507.53,6090.36,4615.44,0.0
2523,2025-04-14,CUST-054,East,Office,Stapler,9,779.77,7017.93,4684.77,0.0
2078,2025-04-14,CUST-017,West,Technology,Router,15,213.69,3205.35,2416.95,0.15
3245,2025-04-15,CUST-052,East,Furniture,Bookcase,4,325.47,1301.88,1042.76,0.1
1280,2025-04-15,CUST-034,East,Technology,Phone,11,393.13,4324.43,2948.77,0.0
1188,2025-04-16,CUST-019,West,Technology,Router,1,773.64,773.64,472.04,0.1
3293,2025-04-16,CUST-014,South,Office,Pens,1,369.72,369.72,246.57,0.1
3078,2025-04-16,CUST-026,South,Technology,Phone,4,754.67,3018.68,2105.24,0.05
2498,2025-04-16,CUST-005,South,Furniture,Bookcase,6,89.6,537.6,329.4,0.2
1891,2025-04-17,CUST-022,South,Furniture,Bookcase,13,96.66,1256.58,978.9,0.05
1370,2025-04-17,CUST-038,North,Office,Binders,11,618.74,6806.14,3807.54,0.15
1212,2025-04-17,CUST-020,East,Furniture,Desk,6,549.08,3294.48,2469.72,0.05
1625,2025-04-17,CUST-008,North,Technology,Laptop,14,605.81,8481.34,7603.68,0.1
2275,2025-04-17,CUST-017,West,Technology,Laptop,8,40.84,326.72,252.72,0.15
3463,2025-04-17,CUST-049,South,Office,Stapler,13,770.13,10011.69,8980.4,0.0
3981,2025-04-17,CUST-010,North,Office,Pens,2,126.36,252.72,149.16,0.15
2109,2025-04-18,CUST-017,West,Office,Paper,13,412.69,5364.97,3164.72,0.15
1022,2025-04-18,CUST-016,South,Technology,Monitor,9,369.92,3329.28,2322.72,0.0
3210,2025-04-19,CUST-038,North,Office,Paper,15,414.91,6223.65,3573.6,0.0
3359,2025-04-19,CUST-060,North,Furniture,Bookcase,7,604.79,4233.53,2339.47,0.0
1946,2025-04-19,CUST-020,East,Technology,Router,14,464.9,6508.6,4909.38,0.05
1315,2025-04-19,CUST-034,East,Technology,Monitor,14,22.71,317.94,177.38,0.0
1063,2025-04-20,CUST-004,South,Office,Binders,15,681.7,10225.5,7257.6,0.2
3591,2025-04-20,CUST-006,South,Office,Stapler,3,633.8,1901.4,1644.6,0.05
1927,2025-04-20,CUST-007,North,Office,Pens,14,613.68,8591.52,6348.3,0.0
1062,2025-04-20,CUST-058,South,Technology,Router,4,157.19,628.76,556.64,0.1
1850,2025-04-21,CUST-053,West,Office,Stapler,2,375.36,750.72,592.74,0.15
3455,2025-04-21,CUST-045,North,Office,Binders,14,786.19,11006.66,7330.96,0.0
2505,2025-04-21,CUST-025,East,Furniture,Chair,6,383.38,2300.28,1782.42,0.2
2799,2025-04-22,CUST-012,North,Office,Paper,5,233.54,1167.7,785.55,0.0
2785,2025-04-22,CUST-044,North,Technology,Router,11,291.58,3207.38,1792.45,0.0
2021,2025-04-22,CUST-040,North,Technology,Laptop,11,606.26,6668.86,5459.41,0.2
3459,2025-04-22,CUST-052,East,Technology,Laptop,2,93.77,187.54,142.52,0.1
3890,2025-04-23,CUST-034,East,Furniture,Table,1,311.61,311.61,249.78,0.0
2810,2025-04-23,CUST-017,West,Technology,Laptop,9,533.5,4801.5,2954.16,0.0
2809,2025-04-23,CUST-045,North,Office,Pens,2,420.35,840.7,524.38,0.0
3435,2025-04-23,CUST-012,North,Furniture,Chair,6,315.97,1895.82,1069.5,0.05
2245,2025-04-23,CUST-015,North,Office,Paper,8,419.56,3356.48,2241.2,0.05
1897,2025-04-23,CUST-025,East,Office,Binders,15,106.46,1596.9,981.3,0.0
2042,2025-04-23,CUST-046,South,Office,Binders,10,409.38,4093.8,3198.4,0.2
2857,2025-04-23,CUST-048,North,Office,Pens,5,247.62,1238.1,817.6,0.15
3734,2025-04-23,CUST-004,South,Technology,Router,5,258.29,1291.45,876.4,0.15
2253,2025-04-24,CUST-015,North,Technology,Monitor,8,202.3,1618.4,1222.64,0.1
3264,2025-04-25,CUST-026,South,Furniture,Desk,12,246.73,2960.76,1867.68,0.1
3302,2025-04-25,CUST-008,North,Technology,Router,13,721.54,9380.02,7183.93,0.0
2221,2025-04-25,CUST-049,South,Furniture,Bookcase,10,710.47,7104.7,5836.0,0.0
3790,2025-04-26,CUST-004,South,Furniture,Desk,4,665.28,2661.12,1722.96,0.2
3235,2025-04-26,CUST-030,North,Office,Pens,5,672.33,3361.65,2561.1,0.0
2696,2025-04-26,CUST-021,North,Office,Pens,6,780.58,4683.48,4046.94,0.0
2508,2025-04-26,CUST-045,North,Office,Stapler,2,237.13,474.26,267.2,0.0
2477,2025-04-26,CUST-010,North,Technology,Router,12,129.29,1551.48,1139.76,0.0
3698,2025-04-26,CUST-019,West,Furniture,Chair,13,462.43,6011.59,4152.33,0.0
1537,2025-04-26,CUST-051,West,Furniture,Bookcase,5,476.75,2383.75,1698.0,0.0
2119,2025-04-27,CUST-002,North,Technology,Monitor,15,138.89,2083.35,1658.1,0.05
1775,2025-04-27,CUST-056,East,Furniture,Chair,6,561.16,3366.96,1982.94,0.05
1819,2025-04-27,CUST-058,South,Furniture,Chair,13,353.31,4593.03,3411.07,0.0
2063,2025-04-27,CUST-051,West,Technology,Phone,14,82.47,1154.58,950.04,0.05
1440,2025-04-28,CUST-015,North,Office,Paper,1,689.78,689.78,382.35,0.0
1289,2025-04-28,CUST-058,South,Office,Binders,11,201.61,2217.71,1297.56,0.0
1057,2025-04-29,CUST-028,East,Office,Pens,8,364.59,2916.72,2293.92,0.1
1126,2025-04-29,CUST-037,West,Furniture,Desk,14,624.92,8748.88,4945.5,0.15
2356,2025-04-29,CUST-020,East,Office,Binders,1,447.4,447.4,298.91,0.15
1707,2025-04-29,CUST-043,South,Furniture,Chair,4,150.19,600.76,352.08,0.0
1510,2025-04-29,CUST-057,East,Furniture,Table,5,318.77,1593.85,1147.5,0.1
2759,2025-04-29,CUST-011,North,Technology,Router,10,214.98,2149.8,1288.7,0.1
2595,2025-04-30,CUST-017,West,Technology,Monitor,11,613.0,6743.0,3731.64,0.0
1552,2025-04-30,CUST-004,South,Office,Paper,7,366.57,2565.99,1522.29,0.0
3744,2025-04-30,CUST-051,West,Office,Paper,9,73.92,665.28,569.07,0.05
1520,2025-04-30,CUST-044,North,Technology,Monitor,6,401.25,2407.5,1700.04,0.2
1829,2025-04-30,CUST-002,North,Technology,Monitor,6,670.38,4022.28,3510.66,0.05
1959,2025-04-30,CUST-041,East,Technology,Phone,7,776.27,5433.89,4018.35,0.0
2056,2025-05-01,CUST-004,South,Furniture,Bookcase,12,759.99,9119.88,6026.16,0.05
2167,2025-05-01,CUST-027,South,Furniture,Bookcase,10,372.85,3728.5,2491.5,0.05
1348,2025-05-01,CUST-037,West,Technology,Laptop,4,184.91,739.64,631.52,0.1
2977,2025-05-02,CUST-018,South,Technology,Router,5,324.02,1620.1,1186.9,0.05
1987,2025-05-02,CUST-048,North,Furniture,Table,10,360.13,3601.3,2305.8,0.15
2026,2025-05-02,CUST-049,South,Technology,Router,11,451.95,4971.45,3672.79,0.05
1698,2025-05-02,CUST-004,South,Furniture,Chair,12,147.41,1768.92,1106.28,0.0
3290,2025-05-03,CUST-056,East,Furniture,Chair,10,249.28,2492.8,2087.4,0.1
3679,2025-05-03,CUST-043,South,Furniture,Desk,8,586.44,4691.52,3224.16,0.15
2113,2025-05-03,CUST-007,North,Furniture,Chair,1,328.05,328.05,181.96,0.15
2592,2025-05-03,CUST-039,West,Furniture,Chair,2,164.36,328.72,285.24,0.1
1299,2025-05-03,CUST-033,East,Furniture,Chair,7,542.02,3794.14,2332.19,0.0
2897,2025-05-03,CUST-034,East,Furniture,Chair,4,197.52,790.08,596.52,0.1
1303,2025-05-04,CUST-045,North,Technology,Phone,6,499.41,2996.46,1877.88,0.0
2105,2025-05-04,CUST-041,East,Office,Paper,5,385.21,1926.05,1112.7,0.2
3532,2025-05-04,CUST-047,East,Office,Stapler,7,550.98,3856.86,3463.74,0.05
3228,2025-05-04,CUST-010,North,Office,Binders,14,417.7,5847.8,4978.96,0.0
1647,2025-05-05,CUST-043,South,Technology,Router,13,277.58,3608.54,2127.84,0.15
3226,2025-05-05,CUST-021,North,Technology,Router,13,186.58,2425.54,1897.74,0.05
1489,2025-05-05,CUST-011,North,Furniture,Table,15,315.4,4731.0,3506.25,0.0
1248,2025-05-05,CUST-009,West,Office,Paper,2,261.25,522.5,470.18,0.15
1097,2025-05-05,CUST-009,West,Office,Stapler,2,700.72,1401.44,1052.38,0.05
3858,2025-05-06,CUST-005,South,Office,Stapler,10,755.23,7552.3,5497.9,0.1
2209,2025-05-06,CUST-013,South,Technology,Phone,5,69.02,345.1,265.35,0.0
2396,2025-05-06,CUST-036,North,Furniture,Chair,7,548.09,3836.63,3362.24,0.0
1651,2025-05-08,CUST-041,East,Technology,Phone,2,188.94,377.88,288.06,0.05
1686,2025-05-08,CUST-043,South,Furniture,Chair,13,688.53,8950.89,7924.15,0.2
2306,2025-05-08,CUST-031,West,Furniture,Table,9,495.33,4457.97,3128.13,0.0
1713,2025-05-08,CUST-039,West,Furniture,Table,9,519.03,4671.27,3441.87,0.0
3333,2025-05-09,CUST-024,East,Office,Pens,13,499.6,6494.8,4338.62,0.0
2433,2025-05-09,CUST-058,South,Furniture,Table,11,579.51,6374.61,5538.28,0.0
2879,2025-05-09,CUST-049,South,Technology,Monitor,6,342.06,2052.36,1372.92,0.0
1565,2025-05-09,CUST-008,North,Technology,Laptop,14,144.33,2020.62,1405.6,0.1
2738,2025-05-10,CUST-030,North,Furniture,Chair,6,563.64,3381.84,2694.24,0.2
3564,2025-05-10,CUST-040,North,Technology,Laptop,15,669.27,10039.05,8732.55,0.1
2638,2025-05-10,CUST-018,South,Office,Pens,15,327.26,4908.9,4273.95,0.15
2182,2025-05-10,CUST-025,East,Technology,Phone,1,268.3,268.3,199.51,0.0
1821,2025-05-10,CUST-040,North,Technology,Laptop,10,589.19,5891.9,4537.6,0.0
3919,2025-05-11,CUST-059,East,Office,Paper,10,523.0,5230.0,3930.2,0.15
2017,2025-05-11,CUST-038,North,Furniture,Table,6,391.14,2346.84,1786.2,0.05
1931,2025-05-11,CUST-003,East,Technology,Laptop,15,439.14,6587.1,3987.3,0.0
2625,2025-05-11,CUST-009,West,Technology,Monitor,5,510.03,2550.15,2044.45,0.0
1934,2025-05-11,CUST-048,North,Furniture,Desk,7,715.26,5006.82,2882.6,0.1
1024,2025-05-12,CUST-035,East,Technology,Laptop,15,607.78,9116.7,5768.4,0.05
1012,2025-05-12,CUST-016,South,Technology,Monitor,15,462.54,6938.1,4007.25,0.15
2672,2025-05-12,CUST-045,North,Office,Paper,1,290.38,290.38,201.46,0.1
1954,2025-05-12,CUST-033,East,Office,Stapler,5,62.48,312.4,212.6,0.05
3786,2025-05-12,CUST-018,South,Technology,Laptop,14,451.77,6324.78,4986.24,0.0
2114,2025-05-13,CUST-030,North,Office,Stapler,14,533.02,7462.28,6048.14,0.15
2987,2025-05-13,CUST-008,North,Office,Stapler,7,476.28,3333.96,2856.14,0.15
3284,2025-05-13,CUST-008,North,Office,Stapler,7,313.24,2192.68,1492.68,0.0
2899,2025-05-13,CUST-029,North,Technology,Router,4,97.9,391.6,296.16,0.1
2926,2025-05-13,CUST-017,West,Furniture,Chair,3,112.97,338.91,235.14,0.05
1644,2025-05-13,CUST-017,West,Furniture,Desk,9,336.56,3029.04,2532.42,0.0
3781,2025-05-14,CUST-030,North,Furniture,Table,5,570.73,2853.65,2239.65,0.0
1087,2025-05-14,CUST-040,North,Office,Stapler,6,42.39,254.34,215.64,0.0
2025,2025-05-14,CUST-057,East,Office,Binders,8,355.93,2847.44,1877.52,0.05
3206,2025-05-14,CUST-028,East,Office,Pens,11,402.44,4426.84,2477.09,0.0
2967,2025-05-14,CUST-042,East,Office,Pens,6,797.41,4784.46,2943.48,0.0
2904,2025-05-14,CUST-036,North,Office,Pens,11,363.23,3995.53,3564.11,0.0
1701,2025-05-14,CUST-013,South,Office,Binders,13,241.99,3145.87,2088.19,0.1
2723,2025-05-15,CUST-002,North,Office,Paper,15,441.07,6616.05,5488.95,0.0
1336,2025-05-15,CUST-054,East,Technology,Router,9,530.59,4775.31,3771.0,0.0
2238,2025-05-15,CUST-004,South,Office,Pens,14,118.64,1660.96,1209.04,0.1
1283,2025-05-15,CUST-020,East,Technology,Phone,13,245.42,3190.46,1986.27,0.15
2805,2025-05-16,CUST-018,South,Technology,Monitor,5,222.3,1111.5,782.35,0.0
3101,2025-05-16,CUST-055,South,Furniture,Desk,9,238.59,2147.31,1572.12,0.0
3386,2025-05-16,CUST-025,East,Furniture,Desk,14,539.37,7551.18,6655.32,0.0
2575,2025-05-16,CUST-029,North,Office,Paper,9,431.52,3883.68,2921.58,0.15
1406,2025-05-16,CUST-016,South,Technology,Phone,14,213.09,2983.26,2521.54,0.05
2387,2025-05-16,CUST-007,North,Technology,Monitor,9,588.1,5292.9,3478.95,0.2
1495,2025-05-17,CUST-043,South,Furniture,Bookcase,4,94.81,379.24,260.72,0.1
2448,2025-05-17,CUST-032,North,Technology,Router,3,656.17,1968.51,1204.02,0.1
3045,2025-05-17,CUST-029,North,Technology,Phone,11,352.53,3877.83,2723.38,0.0
1112,2025-05-18,CUST-042,East,Furniture,Bookcase,3,797.62,2392.86,1681.14,0.2
2880,2025-05-18,CUST-014,South,Furniture,Chair,6,520.79,3124.74,1799.64,0.15
1715,2025-05-18,CUST-001,North,Technology,Monitor,6,243.67,1462.02,1077.9,0.15
2310,2025-05-18,CUST-059,East,Technology,Laptop,1,692.09,692.09,557.57,0.0
3736,2025-05-18,CUST-013,South,Technology,Router,5,620.41,3102.05,2373.6,0.15
3661,2025-05-19,CUST-020,East,Office,Stapler,15,731.81,10977.15,9046.95,0.1
2631,2025-05-19,CUST-035,East,Technology,Router,8,246.23,1969.84,1543.68,0.1
1475,2025-05-19,CUST-046,South,Office,Pens,10,459.61,4596.1,3433.7,0.0
3301,2025-05-20,CUST-047,East,Furniture,Chair,4,385.28,1541.12,1376.88,0.15
3121,2025-05-20,CUST-034,East,Technology,Phone,5,608.35,3041.75,1741.8,0.0
3011,2025-05-21,CUST-053,West,Technology,Monitor,9,140.91,1268.19,1138.14,0.0
2121,2025-05-22,CUST-022,South,Technology,Laptop,11,681.15,7492.65,5253.27,0.05
1127,2025-05-22,CUST-046,South,Furniture,Table,11,638.07,7018.77,5462.05,0.0
1397,2025-05-22,CUST-018,South,Technology,Phone,3,628.98,1886.94,1411.38,0.2
2551,2025-05-22,CUST-031,West,Technology,Laptop,6,572.31,3433.86,2672.16,0.05
2624,2025-05-22,CUST-048,North,Office,Paper,12,179.95,2159.4,1296.6,0.15
2731,2025-05-23,CUST-056,East,Technology,Monitor,5,386.69,1933.45,1391.25,0.0
2526,2025-05-23,CUST-006,South,Technology,Laptop,11,32.81,360.91,316.25,0.0
2660,2025-05-23,CUST-060,North,Technology,Router,3,231.0,693.0,391.26,0.0
1464,2025-05-23,CUST-030,North,Technology,Monitor,15,467.63,7014.45,5875.2,0.05
1435,2025-05-23,CUST-048,North,Technology,Laptop,1,572.16,572.16,455.17,0.0
3466,2025-05-24,CUST-034,East,Technology,Monitor,12,314.29,3771.48,2697.72,0.15
2018,2025-05-24,CUST-033,East,Furniture,Desk,13,374.62,4870.06,2886.78,0.05
3046,2025-05-24,CUST-002,North,Furniture,Chair,6,457.78,2746.68,2096.76,0.0
1823,2025-05-24,CUST-040,North,Furniture,Desk,10,458.85,4588.5,3358.3,0.15
1723,2025-05-25,CUST-006,South,Technology,Laptop,8,189.41,1515.28,1056.24,0.2
3444,2025-05-25,CUST-017,West,Office,Pens,14,522.15,7310.1,5421.36,0.05
1466,2025-05-25,CUST-029,North,Technology,Laptop,10,502.96,5029.6,3198.9,0.0
2019,2025-05-25,CUST-015,North,Office,Binders,1,97.69,97.69,55.54,0.0
3907,2025-05-25,CUST-028,East,Office,Stapler,5,228.31,1141.55,899.65,0.15
2675,2025-05-25,CUST-016,South,Office,Stapler,11,616.07,6776.77,5987.74,0.0
1584,2025-05-25,CUST-038,North,Technology,Router,8,533.6,4268.8,3776.48,0.0
3603,2025-05-25,CUST-019,West,Technology,Laptop,10,279.45,2794.5,2383.4,0.1
1683,2025-05-25,CUST-014,South,Office,Pens,3,758.75,2276.25,1796.16,0.0
3525,2025-05-26,CUST-031,West,Office,Paper,15,130.58,1958.7,1394.85,0.2
2517,2025-05-26,CUST-043,South,Office,Pens,1,137.39,137.39,97.62,0.0
1968,2025-05-26,CUST-024,East,Furniture,Desk,9,255.22,2296.98,2003.31,0.05
3030,2025-05-26,CUST-012,North,Technology,Phone,6,158.38,950.28,665.82,0.0
1185,2025-05-27,CUST-001,North,Furniture,Table,3,120.76,362.28,266.79,0.0
3490,2025-05-27,CUST-038,North,Furniture,Desk,3,277.68,833.04,488.19,0.0
2480,2025-05-28,CUST-054,East,Furniture,Table,9,574.9,5174.1,3313.08,0.1
2247,2025-05-28,CUST-029,North,Technology,Phone,11,79.19,871.09,753.94,0.0
2413,2025-05-28,CUST-032,North,Office,Binders,6,605.85,3635.1,2992.14,0.05
2610,2025-05-29,CUST-054,East,Technology,Laptop,5,127.42,637.1,546.35,0.2
1028,2025-05-29,CUST-048,North,Office,Paper,12,264.61,3175.32,1802.16,0.05
1469,2025-05-29,CUST-051,West,Office,Pens,8,444.72,3557.76,2560.32,0.1
2490,2025-05-29,CUST-009,West,Office,Paper,6,337.68,2026.08,1640.1,0.0
2521,2025-05-29,CUST-037,West,Technology,Phone,14,303.76,4252.64,2788.38,0.0
1636,2025-05-29,CUST-047,East,Furniture,Desk,8,410.88,3287.04,1912.08,0.0
2700,2025-05-30,CUST-025,East,Office,Paper,2,767.73,1535.46,1377.78,0.1
3506,2025-05-30,CUST-059,East,Furniture,Chair,1,111.09,111.09,99.19,0.05
3282,2025-05-30,CUST-051,West,Office,Stapler,13,216.12,2809.56,2466.49,0.0
2971,2025-05-31,CUST-020,East,Furniture,Table,9,787.76,7089.84,4105.26,0.2
1942,2025-05-31,CUST-058,South,Technology,Router,1,51.25,51.25,36.63,0.2
1064,2025-05-31,CUST-043,South,Office,Pens,13,715.31,9299.03,7108.4,0.15
2181,2025-05-31,CUST-004,South,Technology,Monitor,13,485.66,6313.58,3995.03,0.1
3334,2025-06-01,CUST-050,North,Office,Binders,4,135.29,541.16,426.52,0.2
2707,2025-06-01,CUST-039,West,Furniture,Bookcase,6,264.8,1588.8,919.14,0.05
3925,2025-06-01,CUST-030,North,Technology,Monitor,7,493.56,3454.92,2852.99,0.0
1082,2025-06-02,CUST-052,East,Technology,Laptop,6,435.54,2613.24,2042.34,0.0
2816,2025-06-03,CUST-031,West,Office,Stapler,5,51.3,256.5,224.5,0.0
2943,2025-06-03,CUST-023,West,Office,Pens,7,168.97,1182.79,1058.33,0.2
1585,2025-06-04,CUST-001,North,Office,Paper,9,749.54,6745.86,5690.7,0.05
2698,2025-06-04,CUST-002,North,Technology,Monitor,13,264.22,3434.86,2749.63,0.15
2091,2025-06-04,CUST-008,North,Furniture,Chair,4,697.18,2788.72,1710.12,0.0
3759,2025-06-04,CUST-005,South,Office,Stapler,8,358.5,2868.0,1692.48,0.0
3292,2025-06-05,CUST-001,North,Technology,Monitor,12,574.66,6895.92,4443.48,0.0
3479,2025-06-05,CUST-050,North,Technology,Phone,15,285.62,4284.3,2434.35,0.05
2188,2025-06-06,CUST-017,West,Office,Stapler,6,677.1,4062.6,2536.92,0.2
2107,2025-06-06,CUST-019,West,Office,Paper,9,79.7,717.3,405.81,0.0
2780,2025-06-07,CUST-011,North,Furniture,Chair,6,80.67,484.02,430.5,0.0
3616,2025-06-07,CUST-048,North,Furniture,Chair,2,256.18,512.36,367.52,0.15
2382,2025-06-07,CUST-045,North,Office,Binders,12,310.27,3723.24,2904.36,0.2
3168,2025-06-08,CUST-042,East,Furniture,Table,1,367.52,367.52,326.62,0.15
1215,2025-06-09,CUST-036,North,Technology,Laptop,5,85.42,427.1,258.85,0.05
2390,2025-06-09,CUST-051,West,Office,Stapler,8,482.0,3856.0,2470.4,0.15
2406,2025-06-10,CUST-026,South,Furniture,Chair,2,356.03,712.06,440.86,0.1
1610,2025-06-10,CUST-025,East,Furniture,Bookcase,1,730.84,730.84,612.25,0.0
2579,2025-06-10,CUST-013,South,Furniture,Chair,6,182.76,1096.56,829.74,0.1
1601,2025-06-10,CUST-019,West,Furniture,Desk,11,78.09,858.99,761.86,0.15
2902,2025-06-10,CUST-017,West,Furniture,Bookcase,8,512.28,4098.24,2725.44,0.05
2710,2025-06-11,CUST-009,West,Technology,Router,1,558.24,558.24,500.45,0.0
2403,2025-06-11,CUST-048,North,Office,Stapler,4,739.98,2959.92,2590.48,0.15
2032,2025-06-11,CUST-011,North,Technology,Phone,1,379.51,379.51,323.41,0.1
1271,2025-06-11,CUST-003,East,Technology,Phone,13,389.52,5063.76,3595.02,0.1
2334,2025-06-11,CUST-049,South,Technology,Phone,8,502.31,4018.48,3136.88,0.05
3699,2025-06-12,CUST-049,South,Office,Stapler,15,731.01,10965.15,8899.65,0.2
1443,2025-06-12,CUST-037,West,Furniture,Chair,9,545.19,4906.71,2789.19,0.0
2493,2025-06-12,CUST-057,East,Technology,Monitor,13,580.47,7546.11,6774.17,0.1
1643,2025-06-13,CUST-025,East,Office,Stapler,6,478.39,2870.34,2481.06,0.0
2886,2025-06-13,CUST-038,North,Furniture,Desk,10,29.41,294.1,199.2,0.1
3792,2025-06-13,CUST-001,North,Technology,Laptop,8,425.73,3405.84,3000.08,0.2
2142,2025-06-13,CUST-058,South,Furniture,Bookcase,1,365.21,365.21,299.31,0.15
3426,2025-06-14,CUST-032,North,Technology,Monitor,13,636.22,8270.86,6571.76,0.0
3533,2025-06-14,CUST-045,North,Technology,Router,14,751.79,10525.06,6657.98,0.05
1673,2025-06-14,CUST-006,South,Furniture,Table,6,542.34,3254.04,2251.5,0.0
2621,2025-06-14,CUST-049,South,Furniture,Desk,7,542.66,3798.62,2704.52,0.2
3475,2025-06-15,CUST-016,South,Furniture,Table,7,359.59,2517.13,2081.03,0.0
2993,2025-06-15,CUST-018,South,Technology,Router,9,493.18,4438.62,3319.92,0.1
3610,2025-06-15,CUST-049,South,Office,Stapler,10,652.45,6524.5,5155.0,0.05
1111,2025-06-15,CUST-038,North,Technology,Phone,10,51.38,513.8,418.6,0.05
2532,2025-06-15,CUST-016,South,Technology,Router,1,32.11,32.11,19.38,0.0
2968,2025-06-15,CUST-050,North,Office,Stapler,11,95.27,1047.97,890.45,0.2
1377,2025-06-15,CUST-051,West,Furniture,Chair,1,96.91,96.91,60.83,0.15
2626,2025-06-16,CUST-040,North,Office,Binders,2,72.37,144.74,87.36,0.0
1307,2025-06-16,CUST-058,South,Office,Binders,10,438.59,4385.9,2664.8,0.2
1958,2025-06-17,CUST-011,North,Furniture,Chair,12,135.4,1624.8,979.2,0.0
1831,2025-06-17,CUST-058,South,Furniture,Table,13,655.05,8515.65,7448.87,0.0
1321,2025-06-17,CUST-021,North,Office,Pens,4,255.38,1021.52,613.04,0.15
2729,2025-06-17,CUST-046,South,Office,Pens,15,741.29,11119.35,7802.25,0.15
3848,2025-06-17,CUST-052,East,Technology,Laptop,15,561.49,8422.35,5981.1,0.0
2481,2025-06-18,CUST-020,East,Office,Binders,7,746.53,5225.71,3371.34,0.0
1839,2025-06-18,CUST-050,North,Technology,Monitor,4,585.17,2340.68,1663.72,0.15
1580,2025-06-18,CUST-001,North,Furniture,Bookcase,14,514.26,7199.64,5975.48,0.1
1654,2025-06-19,CUST-038,North,Technology,Monitor,7,320.66,2244.62,1319.85,0.0
2013,2025-06-19,CUST-024,East,Technology,Laptop,11,403.49,4438.39,2604.47,0.05
1764,2025-06-20,CUST-056,East,Technology,Laptop,11,626.39,6890.29,4712.07,0.0
2891,2025-06-20,CUST-042,East,Technology,Phone,8,378.27,3026.16,2631.12,0.0
3147,2025-06-20,CUST-013,South,Office,Paper,5,592.07,2960.35,2390.25,0.0
2818,2025-06-20,CUST-011,North,Office,Binders,15,254.45,3816.75,2896.5,0.15
2399,2025-06-20,CUST-044,North,Office,Paper,10,369.95,3699.5,2252.9,0.2
2843,2025-06-20,CUST-023,West,Furniture,Desk,15,663.95,9959.25,8387.85,0.15
2052,2025-06-21,CUST-008,North,Office,Paper,9,538.09,4842.81,3647.34,0.2
1568,2025-06-21,CUST-003,East,Technology,Phone,11,265.11,2916.21,2323.09,0.15
3654,2025-06-21,CUST-057,East,Furniture,Table,14,136.15,1906.1,1283.94,0.0
1094,2025-06-21,CUST-012,North,Technology,Monitor,12,397.67,4772.04,3834.84,0.2
3270,2025-06-21,CUST-059,East,Technology,Laptop,10,562.34,5623.4,3191.4,0.0
2888,2025-06-21,CUST-034,East,Furniture,Table,14,742.34,10392.76,8074.5,0.2
1688,2025-06-22,CUST-032,North,Technology,Phone,7,193.23,1352.61,1016.96,0.0
2639,2025-06-22,CUST-025,East,Furniture,Desk,10,572.63,5726.3,4165.6,0.15
1162,2025-06-22,CUST-038,North,Furniture,Chair,3,226.99,680.97,404.76,0.05
3586,2025-06-22,CUST-009,West,Furniture,Desk,15,307.69,4615.35,2876.25,0.0
3318,2025-06-22,CUST-058,South,Furniture,Table,2,228.52,457.04,298.0,0.2
1128,2025-06-22,CUST-003,East,Technology,Phone,14,98.28,1375.92,1163.68,0.0
3043,2025-06-23,CUST-046,South,Office,Paper,14,425.48,5956.72,4659.48,0.0
2560,2025-06-23,CUST-051,West,Furniture,Desk,9,71.66,644.94,418.77,0.0
3690,2025-06-23,CUST-003,East,Furniture,Desk,5,328.25,1641.25,989.6,0.2
2104,2025-06-23,CUST-030,North,Office,Binders,11,555.26,6107.86,3690.83,0.05
1208,2025-06-23,CUST-010,North,Technology,Phone,14,634.73,8886.22,6466.46,0.1
3750,2025-06-24,CUST-017,West,Office,Stapler,13,505.24,6568.12,4944.16,0.1
2176,2025-06-24,CUST-003,East,Furniture,Chair,6,360.87,2165.22,1505.34,0.2
2398,2025-06-24,CUST-046,South,Furniture,Bookcase,4,795.49,3181.96,2486.4,0.2
3650,2025-06-24,CUST-046,South,Technology,Laptop,1,460.8,460.8,282.75,0.1
3773,2025-06-24,CUST-035,East,Office,Stapler,3,322.96,968.88,688.56,0.0
3482,2025-06-24,CUST-048,North,Technology,Laptop,4,257.12,1028.48,765.28,0.2
3483,2025-06-25,CUST-029,North,Technology,Phone,5,205.19,1025.95,874.1,0.1
1006,2025-06-25,CUST-011,North,Office,Stapler,10,69.55,695.5,475.4,0.05
3142,2025-06-25,CUST-021,North,Office,Paper,7,605.15,4236.05,3254.37,0.0
3622,2025-06-25,CUST-008,North,Office,Paper,8,126.07,1008.56,675.76,0.15
1657,2025-06-26,CUST-053,West,Technology,Router,9,348.13,3133.17,2682.54,0.15
2370,2025-06-26,CUST-012,North,Furniture,Chair,7,453.73,3176.11,2343.18,0.2
1782,2025-06-26,CUST-012,North,Technology,Router,9,742.55,6682.95,3725.91,0.0
2587,2025-06-26,CUST-047,East,Furniture,Desk,5,167.77,838.85,513.25,0.0
1240,2025-06-26,CUST-044,North,Furniture,Bookcase,6,366.27,2197.62,1267.8,0.0
3389,2025-06-26,CUST-019,West,Furniture,Desk,7,619.86,4339.02,3105.13,0.2
1926,2025-06-26,CUST-053,West,Furniture,Bookcase,7,23.56,164.92,104.3,0.0
2907,2025-06-27,CUST-050,North,Technology,Monitor,4,259.62,1038.48,682.16,0.2
2973,2025-06-27,CUST-047,East,Office,Pens,9,488.73,4398.57,2652.84,0.2
3636,2025-06-27,CUST-056,East,Office,Paper,7,198.0,1386.0,823.69,0.0
2084,2025-06-27,CUST-033,East,Furniture,Bookcase,15,385.11,5776.65,3358.35,0.15
3268,2025-06-27,CUST-031,West,Technology,Monitor,4,685.84,2743.36,2128.16,0.1
2929,2025-06-28,CUST-005,South,Office,Paper,10,91.87,918.7,684.8,0.0
3549,2025-06-28,CUST-021,North,Office,Binders,8,795.47,6363.76,3585.12,0.15
2864,2025-06-29,CUST-053,West,Furniture,Desk,15,701.21,10518.15,7257.75,0.0
1887,2025-06-29,CUST-017,West,Technology,Laptop,3,381.93,1145.79,821.16,0.05
2281,2025-06-29,CUST-010,North,Furniture,Bookcase,3,189.0,567.0,318.69,0.15
3237,2025-06-29,CUST-060,North,Office,Binders,8,282.92,2263.36,1792.56,0.0
3417,2025-06-29,CUST-018,South,Office,Pens,15,373.38,5600.7,4705.05,0.1
3974,2025-06-29,CUST-009,West,Office,Stapler,12,749.44,8993.28,8057.16,0.15
2468,2025-06-29,CUST-059,East,Technology,Router,7,448.48,3139.36,2318.61,0.05
3275,2025-06-30,CUST-035,East,Technology,Router,9,613.47,5521.23,4434.21,0.0
1620,2025-06-30,CUST-049,South,Furniture,Table,7,661.26,4628.82,2595.81,0.0
3724,2025-06-30,CUST-007,North,Technology,Phone,15,778.48,11677.2,8479.65,0.0
1617,2025-07-01,CUST-025,East,Furniture,Table,7,266.8,1867.6,1281.77,0.0
3350,2025-07-01,CUST-012,North,Technology,Router,6,114.72,688.32,563.1,0.2
1373,2025-07-01,CUST-051,West,Furniture,Chair,8,792.75,6342.0,4551.84,0.05
1455,2025-07-02,CUST-007,North,Technology,Laptop,3,370.66,1111.98,733.8,0.0
1509,2025-07-02,CUST-049,South,Technology,Laptop,10,628.04,6280.4,5181.4,0.2
3018,2025-07-02,CUST-038,North,Technology,Laptop,15,631.69,9475.35,6894.3,0.05
2745,2025-07-02,CUST-005,South,Office,Paper,9,184.16,1657.44,1222.2,0.0
3250,2025-07-02,CUST-008,North,Furniture,Chair,1,680.8,680.8,440.53,0.1
1662,2025-07-02,CUST-027,South,Furniture,Chair,3,352.34,1057.02,797.91,0.0
2742,2025-07-02,CUST-022,South,Office,Paper,5,369.16,1845.8,1158.15,0.0
1222,2025-07-02,CUST-016,South,Furniture,Table,2,106.47,212.94,184.58,0.1
2408,2025-07-03,CUST-017,West,Technology,Router,7,311.96,2183.72,1479.66,0.0
1374,2025-07-03,CUST-033,East,Office,Stapler,9,48.68,438.12,389.43,0.15
1830,2025-07-03,CUST-052,East,Technology,Monitor,8,141.2,1129.6,803.36,0.2
1304,2025-07-04,CUST-010,North,Furniture,Bookcase,7,567.51,3972.57,3454.08,0.2
3037,2025-07-04,CUST-055,South,Technology,Monitor,14,658.82,9223.48,5170.9,0.0
2369,2025-07-04,CUST-025,East,Furniture,Table,5,465.71,2328.55,1361.75,0.0
1430,2025-07-04,CUST-033,East,Furniture,Table,7,567.41,3971.87,2299.15,0.1
3424,2025-07-04,CUST-033,East,Office,Paper,4,440.42,1761.68,1020.44,0.1
1392,2025-07-04,CUST-027,South,Office,Binders,10,319.29,3192.9,1963.7,0.15
2919,2025-07-04,CUST-039,West,Office,Stapler,1,99.12,99.12,76.71,0.0
2185,2025-07-04,CUST-033,East,Technology,Monitor,6,441.54,2649.24,1613.04,0.0
1052,2025-07-05,CUST-013,South,Furniture,Chair,12,360.12,4321.44,3163.2,0.2
3017,2025-07-05,CUST-005,South,Office,Binders,6,690.76,4144.56,3710.16,0.0
3336,2025-07-05,CUST-028,East,Office,Paper,8,772.03,6176.24,4674.4,0.0
3191,2025-07-06,CUST-039,West,Furniture,Desk,6,741.28,4447.68,3451.02,0.05
1319,2025-07-06,CUST-039,West,Office,Paper,4,597.62,2390.48,1651.32,0.0
1145,2025-07-06,CUST-006,South,Furniture,Bookcase,12,344.09,4129.08,2561.16,0.2
1656,2025-07-06,CUST-039,West,Technology,Laptop,2,396.15,792.3,471.9,0.1
2340,2025-07-07,CUST-036,North,Furniture,Desk,15,368.1,5521.5,3260.4,0.15
1160,2025-07-07,CUST-051,West,Office,Paper,5,689.56,3447.8,2070.9,0.0
1845,2025-07-07,CUST-046,South,Furniture,Desk,3,75.57,226.71,173.34,0.0
1711,2025-07-07,CUST-002,North,Technology,Phone,14,733.91,10274.74,8759.1,0.05
2022,2025-07-07,CUST-013,South,Furniture,Table,8,413.74,3309.92,2448.88,0.2
1447,2025-07-08,CUST-047,East,Office,Binders,3,24.97,74.91,51.96,0.0
1131,2025-07-08,CUST-055,South,Office,Stapler,6,508.9,3053.4,2627.76,0.05
3873,2025-07-08,CUST-038,North,Office,Binders,2,756.41,1512.82,847.5,0.0
3117,2025-07-09,CUST-029,North,Technology,Laptop,2,157.16,314.32,194.62,0.0
3985,2025-07-09,CUST-017,West,Office,Pens,7,322.55,2257.85,1308.72,0.0
3307,2025-07-09,CUST-015,North,Technology,Monitor,8,726.04,5808.32,5077.12,0.15
1295,2025-07-10,CUST-001,North,Furniture,Chair,15,786.74,11801.1,7665.9,0.15
2455,2025-07-10,CUST-058,South,Furniture,Desk,5,278.77,1393.85,842.0,0.0
2250,2025-07-10,CUST-055,South,Furniture,Desk,12,491.15,5893.8,3525.96,0.2
3845,2025-07-10,CUST-022,South,Furniture,Bookcase,13,703.64,9147.32,6832.15,0.2
2669,2025-07-10,CUST-039,West,Furniture,Table,11,115.45,1269.95,732.6,0.0
1857,2025-07-11,CUST-014,South,Office,Stapler,13,784.56,10199.28,7634.38,0.0
3194,2025-07-11,CUST-009,West,Technology,Router,2,662.29,1324.58,1136.82,0.1
3900,2025-07-11,CUST-025,East,Technology,Phone,1,798.2,798.2,705.43,0.15
3531,2025-07-11,CUST-015,North,Office,Stapler,12,37.88,454.56,375.0,0.1
3543,2025-07-12,CUST-022,South,Office,Paper,11,85.53,940.83,631.62,0.15
1257,2025-07-12,CUST-014,South,Office,Stapler,10,518.41,5184.1,3754.9,0.15
3072,2025-07-12,CUST-053,West,Furniture,Chair,14,195.12,2731.68,2103.08,0.1
2791,2025-07-12,CUST-041,East,Furniture,Table,3,389.29,1167.87,999.96,0.2
3539,2025-07-13,CUST-003,East,Office,Pens,4,355.37,1421.48,1084.8,0.0
1137,2025-07-13,CUST-030,North,Furniture,Chair,15,647.61,9714.15,8406.9,0.15
2813,2025-07-13,CUST-022,South,Office,Paper,3,732.26,2196.78,1443.72,0.05
3556,2025-07-13,CUST-055,South,Furniture,Table,14,695.77,9740.78,8310.82,0.0
3703,2025-07-13,CUST-054,East,Furniture,Desk,15,327.73,4915.95,3351.6,0.0
2628,2025-07-13,CUST-004,South,Technology,Phone,7,397.3,2781.1,1708.77,0.0
1969,2025-07-13,CUST-050,North,Technology,Router,15,269.77,4046.55,2231.7,0.15
3944,2025-07-14,CUST-037,West,Office,Stapler,10,788.12,7881.2,5964.7,0.05
3299,2025-07-14,CUST-027,South,Office,Binders,7,643.59,4505.13,3870.37,0.05
2766,2025-07-14,CUST-057,East,Furniture,Table,3,508.41,1525.23,1118.91,0.0
3832,2025-07-14,CUST-042,East,Technology,Router,10,354.21,3542.1,3081.3,0.2
1306,2025-07-14,CUST-034,East,Furniture,Bookcase,2,735.45,1470.9,866.76,0.2
2384,2025-07-15,CUST-002,North,Office,Binders,2,230.7,461.4,339.6,0.15
1556,2025-07-15,CUST-013,South,Furniture,Desk,6,568.68,3412.08,2229.36,0.0
3295,2025-07-15,CUST-057,East,Furniture,Table,7,615.64,4309.48,2424.73,0.2
3131,2025-07-16,CUST-013,South,Technology,Router,7,143.49,1004.43,844.13,0.2
1117,2025-07-16,CUST-034,East,Furniture,Table,11,364.79,4012.69,2279.42,0.0
3704,2025-07-16,CUST-028,East,Office,Binders,12,780.7,9368.4,6450.48,0.1
1114,2025-07-17,CUST-022,South,Furniture,Table,5,536.82,2684.1,1852.45,0.2
1268,2025-07-17,CUST-036,North,Technology,Phone,9,245.11,2205.99,1511.55,0.05
2412,2025-07-17,CUST-043,South,Technology,Router,11,786.68,8653.48,5119.18,0.05
2379,2025-07-17,CUST-014,South,Office,Pens,5,120.22,601.1,461.55,0.0
3246,2025-07-17,CUST-035,East,Furniture,Desk,5,492.67,2463.35,1572.55,0.05
1666,2025-07-17,CUST-029,North,Office,Binders,2,187.28,374.56,258.52,0.0
3153,2025-07-17,CUST-004,South,Furniture,Table,6,130.57,783.42,658.98,0.05
3763,2025-07-17,CUST-033,East,Technology,Router,5,348.49,1742.45,1416.4,0.2
1247,2025-07-18,CUST-016,South,Furniture,Chair,6,452.14,2712.84,1842.36,0.2
3924,2025-07-18,CUST-006,South,Office,Pens,1,386.24,386.24,224.82,0.0
1250,2025-07-18,CUST-005,South,Furniture,Table,11,423.54,4658.94,2771.67,0.2
2445,2025-07-18,CUST-007,North,Office,Stapler,11,220.73,2428.03,1867.58,0.1
1383,2025-07-19,CUST-042,East,Technology,Monitor,15,787.44,11811.6,7504.8,0.0
3343,2025-07-19,CUST-051,West,Furniture,Chair,8,791.32,6330.56,3954.64,0.15
2378,2025-07-19,CUST-013,South,Technology,Phone,14,669.45,9372.3,8295.42,0.1
3092,2025-07-19,CUST-011,North,Furniture,Chair,9,729.98,6569.82,4555.44,0.1
1331,2025-07-19,CUST-048,North,Furniture,Desk,12,491.43,5897.16,3665.52,0.0
3253,2025-07-19,CUST-028,East,Technology,Monitor,4,502.28,2009.12,1506.28,0.0
3242,2025-07-20,CUST-052,East,Office,Pens,4,555.94,2223.76,1504.4,0.1
2744,2025-07-20,CUST-047,East,Technology,Router,2,628.74,1257.48,838.3,0.0
1589,2025-07-20,CUST-045,North,Office,Pens,14,567.17,7940.38,6759.2,0.15
3589,2025-07-20,CUST-057,East,Technology,Monitor,7,224.66,1572.62,953.12,0.15
3582,2025-07-22,CUST-021,North,Furniture,Table,1,426.99,426.99,329.51,0.05
3306,2025-07-22,CUST-004,South,Office,Pens,13,693.24,9012.12,5292.56,0.0
3061,2025-07-22,CUST-007,North,Technology,Router,14,710.77,9950.78,6176.94,0.0
3513,2025-07-22,CUST-047,East,Furniture,Table,11,121.42,1335.62,798.71,0.0
1088,2025-07-23,CUST-014,South,Furniture,Bookcase,6,238.13,1428.78,1083.96,0.0
3454,2025-07-23,CUST-033,East,Office,Paper,13,196.18,2550.34,1499.94,0.0
1026,2025-07-23,CUST-060,North,Furniture,Bookcase,7,563.34,3943.38,3177.09,0.2
2711,2025-07-24,CUST-056,East,Office,Stapler,15,349.44,5241.6,3116.7,0.15
1814,2025-07-24,CUST-006,South,Office,Paper,4,708.09,2832.36,1833.48,0.15
1282,2025-07-25,CUST-042,East,Office,Pens,10,397.66,3976.6,3519.6,0.0
3682,2025-07-25,CUST-016,South,Technology,Router,5,545.87,2729.35,2273.45,0.1
2618,2025-07-26,CUST-030,North,Furniture,Table,8,347.99,2783.92,1930.88,0.0
1361,2025-07-26,CUST-056,East,Furniture,Chair,5,342.77,1713.85,1410.0,0.15
1674,2025-07-26,CUST-001,North,Office,Paper,15,90.33,1354.95,880.2,0.2
2482,2025-07-26,CUST-025,East,Technology,Monitor,7,502.85,3519.95,2205.63,0.0
1309,2025-07-26,CUST-052,East,Technology,Router,3,420.33,1260.99,895.14,0.0
3236,2025-07-27,CUST-033,East,Furniture,Table,13,699.5,9093.5,7192.64,0.15
1043,2025-07-27,CUST-058,South,Furniture,Desk,11,214.63,2360.93,1383.47,0.2
1699,2025-07-27,CUST-054,East,Office,Paper,8,600.78,4806.24,3080.4,0.0
1977,2025-07-28,CUST-024,East,Technology,Phone,6,294.06,1764.36,1574.04,0.2
2754,2025-07-28,CUST-037,West,Furniture,Table,5,355.04,1775.2,1114.45,0.05
2758,2025-07-28,CUST-042,East,Furniture,Bookcase,3,651.55,1954.65,1742.64,0.0
2515,2025-07-28,CUST-045,North,Furniture,Bookcase,15,560.46,8406.9,5768.85,0.0
1150,2025-07-28,CUST-025,East,Office,Pens,2,546.37,1092.74,781.32,0.1
3804,2025-07-28,CUST-014,South,Office,Paper,1,221.1,221.1,125.12,0.0
2775,2025-07-28,CUST-038,North,Office,Pens,6,507.11,3042.66,2102.94,0.0
3794,2025-07-29,CUST-025,East,Office,Pens,1,395.55,395.55,225.71,0.0
3771,2025-07-29,CUST-018,South,Office,Stapler,1,427.78,427.78,237.53,0.2
1817,2025-07-29,CUST-011,North,Office,Pens,10,535.52,5355.2,4257.1,0.1
3494,2025-07-29,CUST-049,South,Furniture,Chair,11,364.75,4012.25,3258.97,0.0
2135,2025-07-29,CUST-054,East,Technology,Laptop,13,496.25,6451.25,5314.27,0.0
2912,2025-07-30,CUST-022,South,Office,Pens,14,601.27,8417.78,5954.76,0.05
2454,2025-07-30,CUST-051,West,Technology,Phone,14,571.82,8005.48,4969.86,0.05
1099,2025-07-30,CUST-026,South,Furniture,Chair,10,510.97,5109.7,2906.2,0.0
3639,2025-07-31,CUST-004,South,Technology,Laptop,10,303.29,3032.9,2628.9,0.05
1255,2025-07-31,CUST-038,North,Technology,Monitor,11,507.09,5577.99,4828.89,0.0
1650,2025-07-31,CUST-004,South,Technology,Phone,15,160.43,2406.45,2130.6,0.1
1193,2025-07-31,CUST-010,North,Office,Paper,3,762.01,2286.03,1759.74,0.05
2487,2025-07-31,CUST-060,North,Technology,Monitor,5,86.33,431.65,323.55,0.0
3596,2025-08-01,CUST-005,South,Furniture,Desk,4,365.46,1461.84,1170.96,0.0
3962,2025-08-01,CUST-015,North,Furniture,Desk,1,479.31,479.31,328.4,0.0
3812,2025-08-01,CUST-040,North,Furniture,Bookcase,2,304.09,608.18,419.02,0.0
1158,2025-08-01,CUST-041,East,Office,Paper,1,633.7,633.7,402.56,0.0
3819,2025-08-02,CUST-012,North,Technology,Laptop,11,125.48,1380.28,970.64,0.0
3963,2025-08-02,CUST-028,East,Office,Binders,8,364.28,2914.24,1714.96,0.15
3239,2025-08-02,CUST-039,West,Office,Binders,6,742.92,4457.52,2957.4,0.0
3932,2025-08-02,CUST-019,West,Furniture,Desk,6,456.97,2741.82,2151.3,0.15
1438,2025-08-03,CUST-046,South,Office,Paper,8,375.05,3000.4,2028.4,0.05
3329,2025-08-03,CUST-029,North,Technology,Phone,12,774.02,9288.24,6481.56,0.0
2605,2025-08-03,CUST-003,East,Office,Pens,14,497.65,6967.1,4888.94,0.05
1737,2025-08-03,CUST-032,North,Office,Stapler,9,249.88,2248.92,1785.6,0.0
3096,2025-08-03,CUST-037,West,Technology,Router,15,35.49,532.35,384.45,0.15
3948,2025-08-03,CUST-037,West,Technology,Router,15,758.38,11375.7,7863.3,0.1
1697,2025-08-04,CUST-034,East,Office,Pens,13,399.56,5194.28,3313.18,0.2
2666,2025-08-04,CUST-001,North,Technology,Router,12,607.0,7284.0,6065.4,0.1
2559,2025-08-04,CUST-008,North,Technology,Phone,12,28.5,342.0,227.52,0.05
1427,2025-08-05,CUST-005,South,Office,Paper,6,748.46,4490.76,2677.38,0.2
1107,2025-08-05,CUST-053,West,Technology,Laptop,1,149.42,149.42,98.27,0.15
3967,2025-08-06,CUST-055,South,Furniture,Bookcase,15,429.13,6436.95,5455.2,0.2
1267,2025-08-06,CUST-057,East,Furniture,Bookcase,13,334.54,4349.02,2460.77,0.0
3024,2025-08-06,CUST-043,South,Furniture,Bookcase,9,563.82,5074.38,3331.98,0.0
1086,2025-08-06,CUST-055,South,Technology,Laptop,5,707.67,3538.35,2248.1,0.05
1335,2025-08-06,CUST-002,North,Furniture,Table,5,138.88,694.4,462.1,0.05
2694,2025-08-07,CUST-005,South,Office,Stapler,2,418.61,837.22,529.92,0.0
2092,2025-08-07,CUST-053,West,Furniture,Desk,10,798.44,7984.4,4402.9,0.2
3939,2025-08-07,CUST-012,North,Furniture,Chair,9,631.95,5687.55,4449.87,0.0
2958,2025-08-07,CUST-021,North,Office,Pens,10,541.38,5413.8,3160.2,0.05
3255,2025-08-07,CUST-052,East,Furniture,Desk,9,500.71,4506.39,3983.94,0.0
3975,2025-08-07,CUST-042,East,Office,Pens,2,214.36,428.72,251.34,0.0
1018,2025-08-07,CUST-005,South,Office,Binders,5,541.8,2709.0,1693.1,0.0
2163,2025-08-08,CUST-036,North,Furniture,Chair,10,684.81,6848.1,4030.9,0.0
2171,2025-08-08,CUST-057,East,Furniture,Bookcase,11,89.05,979.55,595.54,0.0
1799,2025-08-08,CUST-039,West,Office,Stapler,12,264.06,3168.72,2421.0,0.15
2155,2025-08-09,CUST-037,West,Office,Binders,6,253.38,1520.28,1191.0,0.2
2347,2025-08-09,CUST-008,North,Technology,Phone,12,481.92,5783.04,3561.48,0.0
1574,2025-08-09,CUST-036,North,Office,Stapler,7,657.34,4601.38,2657.69,0.05
3613,2025-08-09,CUST-013,South,Technology,Phone,5,204.3,1021.5,700.5,0.0
3839,2025-08-09,CUST-007,North,Furniture,Bookcase,3,474.05,1422.15,1094.64,0.15
3895,2025-08-09,CUST-006,South,Technology,Phone,5,308.55,1542.75,1137.65,0.0
1483,2025-08-09,CUST-047,East,Office,Pens,3,158.61,475.83,262.02,0.15
3104,2025-08-10,CUST-022,South,Office,Paper,3,700.19,2100.57,1836.51,0.0
1941,2025-08-10,CUST-016,South,Furniture,Table,10,193.48,1934.8,1692.2,0.0
3688,2025-08-10,CUST-038,North,Technology,Router,5,443.24,2216.2,1315.9,0.1
1175,2025-08-10,CUST-055,South,Technology,Phone,14,453.89,6354.46,3750.46,0.0
1970,2025-08-10,CUST-033,East,Furniture,Bookcase,8,718.86,5750.88,5114.64,0.2
3193,2025-08-10,CUST-010,North,Office,Pens,9,513.5,4621.5,3746.52,0.2
1858,2025-08-10,CUST-045,North,Technology,Monitor,11,542.29,5965.19,4824.49,0.15
2921,2025-08-10,CUST-050,North,Office,Stapler,14,138.38,1937.32,1167.46,0.0
3469,2025-08-11,CUST-005,South,Furniture,Chair,13,116.08,1509.04,1107.73,0.2
1822,2025-08-11,CUST-047,East,Office,Pens,7,494.9,3464.3,2289.14,0.1
1677,2025-08-11,CUST-033,East,Furniture,Bookcase,2,646.29,1292.58,1143.74,0.1
2344,2025-08-12,CUST-009,West,Office,Stapler,2,640.52,1281.04,853.78,0.0
2067,2025-08-12,CUST-051,West,Office,Binders,1,332.52,332.52,256.01,0.0
1320,2025-08-12,CUST-014,South,Technology,Monitor,9,794.92,7154.28,4521.15,0.15
1110,2025-08-12,CUST-039,West,Furniture,Chair,2,198.56,397.12,312.14,0.2
3555,2025-08-12,CUST-019,West,Technology,Monitor,11,762.28,8385.08,6617.82,0.15
2536,2025-08-13,CUST-028,East,Technology,Laptop,12,644.91,7738.92,5622.24,0.15
2123,2025-08-13,CUST-060,North,Office,Stapler,4,577.15,2308.6,1696.6,0.05
1051,2025-08-13,CUST-028,East,Furniture,Bookcase,7,492.84,3449.88,2514.96,0.05
1761,2025-08-13,CUST-047,East,Furniture,Table,3,400.86,1202.58,1039.83,0.15
3787,2025-08-14,CUST-054,East,Technology,Phone,7,628.01,4396.07,2612.33,0.2
2534,2025-08-14,CUST-036,North,Furniture,Desk,10,522.66,5226.6,4390.3,0.2
2255,2025-08-14,CUST-027,South,Technology,Router,8,685.3,5482.4,3073.12,0.0
2965,2025-08-14,CUST-021,North,Technology,Router,8,688.99,5511.92,3393.76,0.2
3600,2025-08-14,CUST-058,South,Technology,Phone,11,303.68,3340.48,2964.5,0.2
2614,2025-08-15,CUST-039,West,Furniture,Desk,10,359.94,3599.4,3083.2,0.2
1079,2025-08-15,CUST-011,North,Office,Paper,13,659.05,8567.65,7605.13,0.0
1030,2025-08-15,CUST-039,West,Technology,Monitor,7,113.51,794.57,684.6,0.0
3826,2025-08-15,CUST-019,West,Office,Binders,5,622.83,3114.15,1726.1,0.15
1275,2025-08-15,CUST-041,East,Technology,Router,5,774.32,3871.6,3190.25,0.2
3954,2025-08-15,CUST-022,South,Furniture,Desk,1,763.97,763.97,599.9,0.2
3377,2025-08-15,CUST-053,West,Office,Pens,6,126.24,757.44,674.7,0.05
1027,2025-08-16,CUST-043,South,Office,Stapler,3,168.12,504.36,315.84,0.0
1914,2025-08-16,CUST-052,East,Office,Stapler,11,698.76,7686.36,5670.94,0.15
2878,2025-08-16,CUST-029,North,Furniture,Chair,2,133.87,267.74,171.86,0.2
3180,2025-08-16,CUST-057,East,Furniture,Desk,1,107.82,107.82,86.65,0.05
1626,2025-08-17,CUST-042,East,Office,Paper,5,543.91,2719.55,1734.35,0.0
2865,2025-08-17,CUST-054,East,Furniture,Table,11,154.37,1698.07,1473.12,0.05
1952,2025-08-17,CUST-050,North,Technology,Monitor,6,206.13,1236.78,729.36,0.05
2016,2025-08-18,CUST-008,North,Technology,Router,12,409.31,4911.72,4016.28,0.2
3420,2025-08-18,CUST-013,South,Furniture,Bookcase,7,622.6,4358.2,3106.11,0.0
2154,2025-08-18,CUST-020,East,Office,Paper,8,284.4,2275.2,1439.36,0.15
1731,2025-08-18,CUST-051,West,Furniture,Chair,7,635.53,4448.71,2460.71,0.0
3604,2025-08-19,CUST-040,North,Office,Paper,3,716.75,2150.25,1636.89,0.2
3982,2025-08-19,CUST-022,South,Furniture,Bookcase,9,571.44,5142.96,3533.49,0.0
1461,2025-08-19,CUST-009,West,Technology,Router,6,555.3,3331.8,2925.84,0.0
2156,2025-08-19,CUST-044,North,Technology,Router,9,595.26,5357.34,3143.88,0.1
1508,2025-08-19,CUST-051,West,Office,Stapler,2,343.27,686.54,413.2,0.1
2444,2025-08-20,CUST-015,North,Office,Pens,3,219.67,659.01,366.06,0.15
3095,2025-08-21,CUST-031,West,Technology,Laptop,10,556.73,5567.3,4655.8,0.05
1149,2025-08-21,CUST-001,North,Furniture,Chair,8,307.5,2460.0,1997.92,0.0
1454,2025-08-21,CUST-021,North,Furniture,Bookcase,4,78.26,313.04,194.4,0.2
2934,2025-08-21,CUST-002,North,Technology,Monitor,6,353.18,2119.08,1357.5,0.0
1602,2025-08-21,CUST-008,North,Furniture,Chair,7,237.71,1663.97,1069.04,0.0
1069,2025-08-21,CUST-027,South,Furniture,Table,7,68.57,479.99,403.9,0.05
1983,2025-08-22,CUST-054,East,Furniture,Bookcase,9,402.66,3623.94,3036.78,0.0
2327,2025-08-22,CUST-006,South,Furniture,Chair,7,117.25,820.75,469.84,0.0
1355,2025-08-22,CUST-032,North,Technology,Phone,9,754.09,6786.81,4758.57,0.15
1804,2025-08-22,CUST-030,North,Office,Stapler,2,583.66,1167.32,688.26,0.2
3955,2025-08-23,CUST-041,East,Furniture,Desk,4,117.26,469.04,265.48,0.0
2319,2025-08-23,CUST-017,West,Office,Pens,9,774.79,6973.11,5442.3,0.05
2826,2025-08-23,CUST-047,East,Furniture,Table,9,75.89,683.01,492.39,0.15
3615,2025-08-23,CUST-014,South,Office,Paper,1,627.58,627.58,486.39,0.0
2787,2025-08-23,CUST-024,East,Technology,Laptop,4,364.82,1459.28,1071.24,0.0
1705,2025-08-24,CUST-039,West,Office,Stapler,5,712.4,3562.0,2932.75,0.0
3784,2025-08-24,CUST-018,South,Technology,Monitor,3,490.46,1471.38,1055.19,0.1
2311,2025-08-25,CUST-026,South,Furniture,Table,12,311.05,3732.6,2692.44,0.15
3766,2025-08-25,CUST-054,East,Furniture,Desk,1,308.65,308.65,257.86,0.0
1016,2025-08-25,CUST-008,North,Technology,Monitor,2,283.71,567.42,428.92,0.0
1378,2025-08-25,CUST-036,North,Office,Binders,8,311.81,2494.48,1776.24,0.15
3311,2025-08-25,CUST-020,East,Technology,Router,15,798.28,11974.2,10474.35,0.05
2665,2025-08-25,CUST-023,West,Technology,Phone,7,736.09,5152.63,3263.47,0.0
1189,2025-08-26,CUST-054,East,Office,Pens,2,360.64,721.28,423.42,0.05
1635,2025-08-26,CUST-035,East,Office,Stapler,11,624.65,6871.15,4658.94,0.0
2055,2025-08-26,CUST-010,North,Technology,Monitor,4,776.54,3106.16,2186.16,0.0
2175,2025-08-26,CUST-054,East,Office,Stapler,2,649.4,1298.8,990.2,0.05
1549,2025-08-26,CUST-002,North,Technology,Monitor,12,788.21,9458.52,5901.36,0.0
3762,2025-08-26,CUST-058,South,Office,Pens,15,269.07,4036.05,2564.4,0.0
2427,2025-08-26,CUST-044,North,Office,Binders,6,301.24,1807.44,1506.54,0.15
3660,2025-08-26,CUST-021,North,Technology,Laptop,5,496.24,2481.2,1800.45,0.2
1501,2025-08-26,CUST-010,North,Office,Paper,2,541.15,1082.3,901.4,0.05
2348,2025-08-27,CUST-024,East,Technology,Phone,7,470.0,3290.0,1811.46,0.0
3285,2025-08-27,CUST-013,South,Technology,Monitor,7,624.56,4371.92,3552.71,0.05
3038,2025-08-27,CUST-057,East,Technology,Phone,15,247.32,3709.8,2493.6,0.0
3571,2025-08-28,CUST-012,North,Furniture,Table,10,432.79,4327.9,3891.5,0.15
2712,2025-08-28,CUST-016,South,Office,Pens,2,282.71,565.42,474.18,0.0
3338,2025-08-28,CUST-031,West,Furniture,Table,15,709.81,10647.15,7987.05,0.0
3775,2025-08-28,CUST-031,West,Office,Stapler,13,499.2,6489.6,4396.21,0.0
2697,2025-08-28,CUST-019,West,Office,Paper,3,307.28,921.84,600.87,0.0
3770,2025-08-28,CUST-019,West,Technology,Router,9,272.67,2454.03,1692.27,0.2
1712,2025-08-28,CUST-060,North,Furniture,Table,3,776.24,2328.72,1849.38,0.0
2437,2025-08-29,CUST-026,South,Office,Pens,4,163.57,654.28,396.48,0.0
1254,2025-08-29,CUST-009,West,Office,Pens,10,436.11,4361.1,3165.7,0.0
2917,2025-08-30,CUST-007,North,Technology,Monitor,3,273.88,821.64,589.86,0.15
1182,2025-08-30,CUST-018,South,Technology,Laptop,6,355.33,2131.98,1383.96,0.15
1426,2025-08-31,CUST-042,East,Technology,Monitor,8,320.99,2567.92,1629.04,0.15
3538,2025-08-31,CUST-005,South,Office,Binders,6,462.94,2777.64,2469.66,0.2
1366,2025-08-31,CUST-052,East,Furniture,Table,6,355.88,2135.28,1789.86,0.15
2307,2025-09-01,CUST-002,North,Furniture,Table,14,84.92,1188.88,1031.1,0.0
1050,2025-09-02,CUST-057,East,Furniture,Desk,10,770.78,7707.8,4955.4,0.0
3849,2025-09-02,CUST-012,North,Technology,Phone,8,786.98,6295.84,5423.68,0.15
1653,2025-09-02,CUST-040,North,Office,Pens,3,584.87,1754.61,1175.46,0.05
3465,2025-09-03,CUST-038,North,Technology,Phone,13,343.72,4468.36,3317.34,0.2
1979,2025-09-04,CUST-052,East,Office,Stapler,12,719.21,8630.52,5168.4,0.1
3541,2025-09-04,CUST-039,West,Office,Binders,11,676.58,7442.38,5221.59,0.15
2187,2025-09-04,CUST-019,West,Office,Binders,1,66.94,66.94,58.41,0.0
2290,2025-09-05,CUST-040,North,Furniture,Chair,2,710.66,1421.32,986.24,0.2
2861,2025-09-05,CUST-012,North,Technology,Router,9,338.64,3047.76,2477.7,0.05
2215,2025-09-05,CUST-055,South,Furniture,Table,2,501.5,1003.0,695.96,0.2
1738,2025-09-05,CUST-012,North,Office,Pens,6,591.27,3547.62,2293.08,0.2
1986,2025-09-05,CUST-032,North,Office,Binders,1,113.1,113.1,73.18,0.0
2988,2025-09-05,CUST-049,South,Furniture,Desk,9,100.38,903.42,812.34,0.1
3232,2025-09-05,CUST-031,West,Office,Stapler,11,700.06,7700.66,5947.81,0.0
2192,2025-09-05,CUST-029,North,Furniture,Desk,11,786.76,8654.36,5794.69,0.05
3678,2025-09-06,CUST-006,South,Technology,Router,11,657.37,7231.07,4661.47,0.0
1173,2025-09-06,CUST-027,South,Furniture,Table,14,734.36,10281.04,5839.68,0.0
1530,2025-09-06,CUST-013,South,Technology,Monitor,15,64.28,964.2,819.6,0.2
3814,2025-09-06,CUST-007,North,Technology,Router,11,565.87,6224.57,5015.23,0.15
1586,2025-09-06,CUST-050,North,Technology,Monitor,12,655.89,7870.68,4614.12,0.15
1081,2025-09-06,CUST-054,East,Office,Binders,2,563.81,1127.62,739.22,0.15
2211,2025-09-06,CUST-054,East,Technology,Phone,9,639.41,5754.69,5065.56,0.2
1588,2025-09-08,CUST-018,South,Furniture,Bookcase,5,373.22,1866.1,1113.45,0.05
3068,2025-09-08,CUST-022,South,Office,Stapler,1,699.64,699.64,401.79,0.0
1192,2025-09-08,CUST-023,West,Office,Binders,4,100.19,400.76,256.32,0.0
2956,2025-09-09,CUST-031,West,Furniture,Table,14,720.55,10087.7,7103.18,0.2
3099,2025-09-09,CUST-041,East,Furniture,Bookcase,12,638.37,7660.44,6322.2,0.0
2329,2025-09-09,CUST-043,South,Office,Paper,2,184.63,369.26,305.42,0.05
2265,2025-09-10,CUST-009,West,Technology,Phone,7,657.96,4605.72,3604.79,0.0
3331,2025-09-10,CUST-006,South,Furniture,Bookcase,3,52.78,158.34,94.86,0.1
1882,2025-09-10,CUST-017,West,Technology,Phone,5,689.13,3445.65,1912.25,0.0
2942,2025-09-11,CUST-006,South,Technology,Laptop,3,610.15,1830.45,1083.87,0.05
2769,2025-09-11,CUST-019,West,Office,Binders,13,498.92,6485.96,5189.21,0.1
2441,2025-09-11,CUST-042,East,Technology,Monitor,9,110.62,995.58,773.55,0.15
3115,2025-09-11,CUST-025,East,Furniture,Desk,8,657.69,5261.52,4198.08,0.05
2460,2025-09-11,CUST-040,North,Furniture,Chair,6,740.19,4441.14,3872.46,0.0
1787,2025-09-11,CUST-034,East,Office,Binders,7,207.48,1452.36,876.47,0.0
1794,2025-09-11,CUST-044,North,Technology,Phone,2,556.75,1113.5,798.16,0.1
2081,2025-09-12,CUST-036,North,Technology,Laptop,6,746.23,4477.38,3200.52,0.0
1141,2025-09-12,CUST-026,South,Furniture,Chair,10,694.75,6947.5,5713.7,0.0
2376,2025-09-12,CUST-009,West,Office,Stapler,12,264.09,3169.08,2753.16,0.0
3542,2025-09-12,CUST-046,South,Office,Pens,9,775.87,6982.83,5425.2,0.0
1700,2025-09-12,CUST-036,North,Furniture,Bookcase,1,341.17,341.17,229.57,0.15
2129,2025-09-12,CUST-014,South,Furniture,Chair,11,396.65,4363.15,2664.42,0.0
2859,2025-09-13,CUST-049,South,Furniture,Table,4,312.72,1250.88,923.36,0.05
2875,2025-09-13,CUST-005,South,Furniture,Bookcase,15,578.46,8676.9,5139.75,0.2
2644,2025-09-13,CUST-017,West,Technology,Laptop,14,604.95,8469.3,5966.94,0.0
3528,2025-09-13,CUST-037,West,Office,Pens,12,667.2,8006.4,6601.56,0.15
2788,2025-09-13,CUST-020,East,Furniture,Chair,15,307.72,4615.8,2948.7,0.0
3471,2025-09-13,CUST-038,North,Technology,Router,4,153.07,612.28,491.68,0.0
2790,2025-09-14,CUST-017,West,Furniture,Chair,10,662.19,6621.9,5642.6,0.05
2388,2025-09-14,CUST-007,North,Office,Pens,12,466.28,5595.36,3629.76,0.0
3931,2025-09-14,CUST-010,North,Technology,Monitor,15,575.42,8631.3,4798.2,0.0
1555,2025-09-15,CUST-033,East,Office,Paper,5,108.93,544.65,319.8,0.0
1009,2025-09-15,CUST-033,East,Technology,Laptop,14,507.73,7108.22,6003.48,0.1
2895,2025-09-15,CUST-045,North,Office,Binders,4,557.92,2231.68,1583.64,0.0
1118,2025-09-15,CUST-009,West,Furniture,Table,15,564.64,8469.6,5018.25,0.15
3741,2025-09-15,CUST-053,West,Technology,Phone,6,577.51,3465.06,2141.52,0.05
2688,2025-09-16,CUST-031,West,Office,Binders,7,65.7,459.9,404.04,0.0
3562,2025-09-16,CUST-032,North,Office,Pens,7,760.67,5324.69,3969.77,0.0
3795,2025-09-17,CUST-042,East,Office,Paper,2,110.61,221.22,150.46,0.0
2146,2025-09-17,CUST-047,East,Office,Pens,15,288.44,4326.6,3631.95,0.1
2071,2025-09-18,CUST-026,South,Furniture,Desk,1,759.53,759.53,663.14,0.15
2852,2025-09-18,CUST-021,North,Technology,Monitor,4,34.1,136.4,90.52,0.0
3554,2025-09-18,CUST-012,North,Office,Stapler,8,483.0,3864.0,2390.4,0.0
2122,2025-09-18,CUST-048,North,Office,Pens,1,400.25,400.25,288.23,0.1
3462,2025-09-18,CUST-057,East,Furniture,Chair,12,79.94,959.28,555.72,0.2
2643,2025-09-18,CUST-007,North,Technology,Router,13,779.19,10129.47,8841.3,0.0
1808,2025-09-18,CUST-041,East,Furniture,Chair,9,571.68,5145.12,4138.74,0.1
2659,2025-09-19,CUST-032,North,Technology,Laptop,6,785.22,4711.32,4157.58,0.1
1742,2025-09-19,CUST-035,East,Furniture,Desk,9,552.91,4976.19,4070.52,0.0
2269,2025-09-19,CUST-042,East,Furniture,Bookcase,12,677.26,8127.12,6723.72,0.05
1877,2025-09-19,CUST-016,South,Furniture,Chair,11,514.28,5657.08,4691.61,0.0
2004,2025-09-19,CUST-006,South,Technology,Phone,10,291.31,2913.1,1765.9,0.1
3112,2025-09-19,CUST-005,South,Technology,Router,11,701.25,7713.75,6364.93,0.0
3689,2025-09-20,CUST-051,West,Technology,Phone,9,332.1,2988.9,2372.67,0.0
1608,2025-09-20,CUST-034,East,Furniture,Chair,2,541.77,1083.54,764.96,0.15
3706,2025-09-20,CUST-022,South,Office,Pens,6,646.79,3880.74,2201.34,0.0
3395,2025-09-20,CUST-058,South,Furniture,Bookcase,13,210.55,2737.15,2422.94,0.1
1542,2025-09-21,CUST-049,South,Technology,Monitor,8,632.46,5059.68,4163.68,0.0
1655,2025-09-21,CUST-056,East,Office,Stapler,14,136.66,1913.24,1116.78,0.05
1197,2025-09-21,CUST-004,South,Furniture,Bookcase,2,522.84,1045.68,932.82,0.0
1236,2025-09-21,CUST-011,North,Office,Stapler,6,368.76,2212.56,1779.78,0.0
2035,2025-09-21,CUST-014,South,Furniture,Table,9,652.94,5876.46,4604.67,0.0
3073,2025-09-22,CUST-005,South,Technology,Router,15,465.76,6986.4,4786.5,0.15
1262,2025-09-22,CUST-018,South,Furniture,Desk,3,95.51,286.53,186.69,0.05
1154,2025-09-22,CUST-035,East,Furniture,Desk,15,343.61,5154.15,3013.35,0.05
1862,2025-09-22,CUST-052,East,Technology,Monitor,11,136.39,1500.29,1104.07,0.05
2847,2025-09-22,CUST-054,East,Furniture,Chair,13,169.48,2203.24,1412.97,0.0
1828,2025-09-22,CUST-050,North,Technology,Laptop,11,279.96,3079.56,2120.69,0.1
3583,2025-09-23,CUST-048,North,Technology,Laptop,5,256.54,1282.7,1087.6,0.1
1797,2025-09-23,CUST-015,North,Office,Binders,13,179.56,2334.28,1428.57,0.05
2027,2025-09-23,CUST-036,North,Technology,Laptop,7,225.44,1578.08,1194.41,0.05
3297,2025-09-23,CUST-047,East,Office,Pens,3,130.92,392.76,341.79,0.0
2538,2025-09-24,CUST-006,South,Technology,Router,1,510.54,510.54,386.81,0.0
1778,2025-09-24,CUST-034,East,Technology,Phone,3,66.89,200.67,124.47,0.15
1389,2025-09-24,CUST-039,West,Furniture,Table,10,109.1,1091.0,734.5,0.05
3111,2025-09-24,CUST-056,East,Technology,Laptop,12,30.49,365.88,304.56,0.2
1607,2025-09-25,CUST-057,East,Technology,Phone,6,301.42,1808.52,1132.98,0.2
2430,2025-09-25,CUST-053,West,Technology,Monitor,12,367.7,4412.4,2579.16,0.1
2147,2025-09-25,CUST-059,East,Technology,Router,8,522.23,4177.84,3595.68,0.1
3446,2025-09-25,CUST-026,South,Furniture,Desk,3,544.94,1634.82,980.13,0.05
1950,2025-09-25,CUST-033,East,Office,Pens,15,60.22,903.3,617.85,0.05
1100,2025-09-25,CUST-020,East,Technology,Monitor,2,455.3,910.6,633.46,0.1
1915,2025-09-25,CUST-015,North,Technology,Laptop,12,130.44,1565.28,1219.08,0.05
2216,2025-09-26,CUST-051,West,Office,Paper,8,319.46,2555.68,2116.88,0.1
1578,2025-09-26,CUST-022,South,Furniture,Chair,14,193.88,2714.32,1924.58,0.1
1627,2025-09-26,CUST-032,North,Furniture,Bookcase,3,543.61,1630.83,1030.83,0.0
1058,2025-09-26,CUST-051,West,Office,Binders,11,86.14,947.54,692.12,0.15
2500,2025-09-26,CUST-037,West,Furniture,Chair,6,690.02,4140.12,2858.04,0.2
3203,2025-09-26,CUST-026,South,Technology,Phone,6,322.44,1934.64,1205.22,0.05
1276,2025-09-26,CUST-037,West,Technology,Laptop,10,394.75,3947.5,2895.4,0.15
1135,2025-09-26,CUST-037,West,Office,Binders,3,156.55,469.65,358.5,0.05
2581,2025-09-27,CUST-059,East,Technology,Monitor,15,303.64,4554.6,4059.45,0.2
2186,2025-09-27,CUST-028,East,Office,Stapler,1,20.78,20.78,14.81,0.2
3272,2025-09-27,CUST-015,North,Furniture,Bookcase,3,426.0,1278.0,806.58,0.0
2020,2025-09-28,CUST-044,North,Technology,Monitor,7,491.58,3441.06,2286.34,0.0
2128,2025-09-28,CUST-054,East,Office,Pens,13,388.41,5049.33,4493.06,0.0
2952,2025-09-28,CUST-032,North,Technology,Phone,7,507.74,3554.18,3085.53,0.0
1843,2025-09-29,CUST-050,North,Furniture,Chair,5,136.47,682.35,440.65,0.0
1072,2025-09-29,CUST-022,South,Office,Stapler,12,148.73,1784.76,1273.56,0.0
1053,2025-09-30,CUST-044,North,Office,Binders,6,356.41,2138.46,1886.34,0.0
1526,2025-09-30,CUST-055,South,Furniture,Table,5,190.2,951.0,623.6,0.1
2494,2025-09-30,CUST-047,East,Office,Pens,8,632.57,5060.56,3383.76,0.0
3742,2025-10-01,CUST-051,West,Technology,Phone,12,445.35,5344.2,4491.36,0.0
1194,2025-10-01,CUST-049,South,Office,Stapler,11,740.84,8149.24,6092.13,0.15
3441,2025-10-01,CUST-039,West,Office,Stapler,10,296.96,2969.6,2671.3,0.2
1496,2025-10-02,CUST-010,North,Technology,Phone,1,353.53,353.53,230.89,0.15
3487,2025-10-02,CUST-017,West,Office,Binders,7,609.85,4268.95,3403.05,0.1
3192,2025-10-02,CUST-056,East,Office,Binders,15,53.35,800.25,582.0,0.2
3626,2025-10-02,CUST-012,North,Technology,Laptop,5,37.71,188.55,140.55,0.05
1733,2025-10-02,CUST-011,North,Furniture,Chair,11,502.54,5527.94,4841.32,0.2
1718,2025-10-02,CUST-011,North,Office,Stapler,14,315.12,4411.68,2832.48,0.05
1833,2025-10-03,CUST-052,East,Furniture,Chair,3,238.76,716.28,401.76,0.05
3055,2025-10-03,CUST-039,West,Technology,Phone,15,739.3,11089.5,8740.05,0.15
2117,2025-10-03,CUST-055,South,Technology,Monitor,8,525.93,4207.44,3270.88,0.05
1005,2025-10-04,CUST-015,North,Technology,Router,2,609.51,1219.02,1037.86,0.0
2041,2025-10-04,CUST-040,North,Office,Stapler,11,615.48,6770.28,4151.62,0.0
1925,2025-10-04,CUST-016,South,Technology,Laptop,10,160.4,1604.0,1162.8,0.0
3014,2025-10-04,CUST-027,South,Office,Binders,7,165.13,1155.91,845.53,0.05
3510,2025-10-04,CUST-056,East,Office,Binders,14,474.32,6640.48,4682.58,0.05
3398,2025-10-05,CUST-047,East,Furniture,Table,5,562.9,2814.5,1815.85,0.0
2095,2025-10-05,CUST-010,North,Technology,Laptop,8,667.95,5343.6,4172.48,0.05
2997,2025-10-05,CUST-051,West,Furniture,Table,10,693.46,6934.6,3904.5,0.05
3087,2025-10-05,CUST-049,South,Furniture,Bookcase,10,747.76,7477.6,5715.2,0.15
3563,2025-10-05,CUST-021,North,Furniture,Bookcase,14,224.13,3137.82,1734.18,0.0
1847,2025-10-06,CUST-004,South,Technology,Router,7,159.61,1117.27,847.63,0.1
1728,2025-10-06,CUST-014,South,Furniture,Table,11,769.75,8467.25,7431.49,0.0
1060,2025-10-06,CUST-003,East,Technology,Router,10,682.8,6828.0,3929.4,0.05
3928,2025-10-07,CUST-058,South,Office,Binders,12,89.92,1079.04,917.88,0.15
1801,2025-10-07,CUST-034,East,Office,Stapler,12,50.62,607.44,416.4,0.2
1696,2025-10-07,CUST-031,West,Technology,Monitor,7,409.69,2867.83,2576.56,0.2
3977,2025-10-07,CUST-031,West,Furniture,Bookcase,15,684.27,10264.05,6894.45,0.0
2806,2025-10-08,CUST-023,West,Office,Pens,6,622.45,3734.7,2737.8,0.2
1633,2025-10-08,CUST-017,West,Office,Paper,12,78.81,945.72,526.32,0.1
3460,2025-10-08,CUST-047,East,Technology,Laptop,10,780.96,7809.6,4954.3,0.0
3332,2025-10-08,CUST-032,North,Furniture,Desk,12,160.8,1929.6,1087.2,0.0
1702,2025-10-08,CUST-050,North,Office,Stapler,15,81.16,1217.4,931.05,0.05
3207,2025-10-08,CUST-049,South,Technology,Router,5,444.11,2220.55,1285.8,0.15
2748,2025-10-08,CUST-033,East,Furniture,Table,1,142.42,142.42,93.36,0.0
3144,2025-10-10,CUST-046,South,Technology,Phone,14,626.65,8773.1,6279.84,0.0
2381,2025-10-10,CUST-044,North,Furniture,Desk,9,178.94,1610.46,1240.65,0.0
3031,2025-10-10,CUST-006,South,Technology,Phone,7,176.47,1235.29,831.25,0.15
2394,2025-10-11,CUST-020,East,Office,Paper,5,337.08,1685.4,1111.45,0.0
2301,2025-10-11,CUST-041,East,Technology,Laptop,14,403.48,5648.72,4992.26,0.0
2928,2025-10-11,CUST-003,East,Office,Pens,13,440.27,5723.51,3714.1,0.0
2851,2025-10-12,CUST-014,South,Technology,Router,11,121.22,1333.42,858.0,0.1
2304,2025-10-12,CUST-016,South,Furniture,Desk,10,214.2,2142.0,1392.0,0.05
3218,2025-10-12,CUST-032,North,Furniture,Table,1,572.56,572.56,494.8,0.0
3892,2025-10-12,CUST-051,West,Furniture,Table,10,575.44,5754.4,4616.1,0.0
2862,2025-10-13,CUST-018,South,Furniture,Bookcase,11,102.4,1126.4,968.33,0.15
2629,2025-10-13,CUST-017,West,Office,Stapler,14,533.36,7467.04,4428.9,0.0
1861,2025-10-13,CUST-021,North,Furniture,Chair,2,189.74,379.48,227.16,0.1
2184,2025-10-13,CUST-007,North,Technology,Monitor,5,463.23,2316.15,1635.4,0.2
2574,2025-10-14,CUST-009,West,Furniture,Desk,13,475.62,6183.06,5240.43,0.05
3952,2025-10-14,CUST-037,West,Office,Stapler,11,444.86,4893.46,3294.94,0.2
1451,2025-10-14,CUST-058,South,Furniture,Table,12,86.22,1034.64,603.72,0.0
3075,2025-10-14,CUST-031,West,Technology,Router,9,705.97,6353.73,3992.31,0.0
2983,2025-10-14,CUST-010,North,Technology,Router,3,544.35,1633.05,1332.9,0.0
2645,2025-10-14,CUST-041,East,Technology,Monitor,6,103.98,623.88,441.3,0.0
2844,2025-10-15,CUST-037,West,Furniture,Chair,2,274.74,549.48,309.58,0.1
3361,2025-10-15,CUST-031,West,Furniture,Bookcase,2,507.46,1014.92,569.74,0.2
2486,2025-10-15,CUST-014,South,Office,Paper,13,729.56,9484.28,5839.6,0.0
1938,2025-10-15,CUST-011,North,Furniture,Desk,15,250.23,3753.45,2270.4,0.2
3456,2025-10-16,CUST-040,North,Office,Paper,11,556.84,6125.24,3449.38,0.15
3526,2025-10-16,CUST-043,South,Office,Binders,15,165.59,2483.85,1378.35,0.0
3188,2025-10-16,CUST-024,East,Office,Pens,12,449.8,5397.6,3243.96,0.15
2602,2025-10-16,CUST-037,West,Office,Stapler,6,180.92,1085.52,630.96,0.05
2391,2025-10-16,CUST-046,South,Technology,Monitor,3,315.46,946.38,764.1,0.0
3288,2025-10-17,CUST-057,East,Technology,Router,3,344.32,1032.96,586.68,0.0
1550,2025-10-17,CUST-033,East,Technology,Laptop,6,574.67,3448.02,2852.34,0.05
3342,2025-10-17,CUST-035,East,Office,Stapler,1,411.37,411.37,363.41,0.2
2204,2025-10-18,CUST-002,North,Office,Pens,11,456.89,5025.79,3562.68,0.05
2872,2025-10-18,CUST-044,North,Office,Stapler,4,641.47,2565.88,2284.88,0.1
1312,2025-10-18,CUST-060,North,Furniture,Chair,5,338.92,1694.6,1388.1,0.2
2568,2025-10-18,CUST-032,North,Office,Paper,7,252.79,1769.53,1582.63,0.05
2649,2025-10-19,CUST-050,North,Furniture,Chair,6,164.54,987.24,795.24,0.15
2296,2025-10-19,CUST-004,South,Technology,Phone,8,251.36,2010.88,1212.72,0.0
1157,2025-10-19,CUST-018,South,Technology,Laptop,14,662.87,9280.18,5401.9,0.0
1886,2025-10-19,CUST-029,North,Office,Binders,4,470.65,1882.6,1590.12,0.0
3488,2025-10-19,CUST-027,South,Office,Stapler,14,628.8,8803.2,5754.98,0.1
3158,2025-10-19,CUST-027,South,Furniture,Chair,8,332.44,2659.52,1520.56,0.05
3392,2025-10-19,CUST-002,North,Technology,Router,7,190.72,1335.04,1177.47,0.1
1249,2025-10-19,CUST-034,East,Furniture,Table,14,468.42,6557.88,3894.52,0.0
3681,2025-10-19,CUST-017,West,Technology,Router,2,296.6,593.2,335.4,0.1
1432,2025-10-20,CUST-035,East,Furniture,Table,10,514.75,5147.5,4334.6,0.15
2994,2025-10-20,CUST-056,East,Office,Stapler,1,489.3,489.3,370.21,0.2
1227,2025-10-20,CUST-041,East,Technology,Phone,3,54.58,163.74,121.35,0.2
3404,2025-10-20,CUST-007,North,Technology,Phone,1,736.2,736.2,510.33,0.0
2297,2025-10-21,CUST-003,East,Technology,Router,12,704.32,8451.84,5045.64,0.0
1929,2025-10-22,CUST-055,South,Furniture,Table,3,144.61,433.83,378.72,0.0
3782,2025-10-22,CUST-019,West,Furniture,Desk,13,78.21,1016.73,752.05,0.2
2556,2025-10-22,CUST-029,North,Technology,Laptop,9,217.39,1956.51,1356.75,0.1
2529,2025-10-22,CUST-055,South,Furniture,Chair,6,774.74,4648.44,4043.7,0.05
2450,2025-10-22,CUST-044,North,Office,Binders,2,131.95,263.9,184.52,0.05
3432,2025-10-23,CUST-047,East,Technology,Phone,6,315.66,1893.96,1118.04,0.1
3800,2025-10-23,CUST-006,South,Office,Pens,9,574.87,5173.83,4111.65,0.0
3561,2025-10-23,CUST-015,North,Office,Paper,9,574.28,5168.52,3510.63,0.0
3146,2025-10-23,CUST-021,North,Furniture,Bookcase,10,708.91,7089.1,4395.4,0.2
3911,2025-10-23,CUST-027,South,Technology,Monitor,8,22.66,181.28,117.36,0.0
2996,2025-10-24,CUST-046,South,Office,Stapler,14,327.12,4579.68,3711.82,0.0
1230,2025-10-24,CUST-060,North,Furniture,Table,14,443.56,6209.84,3965.92,0.2
1907,2025-10-24,CUST-037,West,Office,Pens,6,551.83,3310.98,2285.28,0.15
3244,2025-10-25,CUST-041,East,Technology,Monitor,10,636.16,6361.6,5347.8,0.0
1908,2025-10-25,CUST-006,South,Furniture,Bookcase,2,676.12,1352.24,1103.64,0.0
2030,2025-10-25,CUST-023,West,Furniture,Table,6,64.03,384.18,244.14,0.0
2068,2025-10-26,CUST-006,South,Technology,Monitor,4,422.77,1691.08,1504.0,0.2
3754,2025-10-26,CUST-046,South,Furniture,Desk,5,123.12,615.6,382.5,0.1
1806,2025-10-26,CUST-038,North,Office,Binders,15,374.65,5619.75,3582.75,0.15
2877,2025-10-27,CUST-054,East,Office,Paper,6,331.55,1989.3,1739.82,0.15
3495,2025-10-27,CUST-047,East,Technology,Monitor,6,542.71,3256.26,2477.52,0.0
2289,2025-10-27,CUST-001,North,Furniture,Desk,8,191.68,1533.44,1196.56,0.0
2360,2025-10-28,CUST-031,West,Furniture,Desk,4,190.15,760.6,617.56,0.15
1256,2025-10-28,CUST-003,East,Technology,Laptop,1,759.87,759.87,622.99,0.0
3082,2025-10-29,CUST-024,East,Office,Pens,4,326.41,1305.64,933.0,0.1
3946,2025-10-29,CUST-017,West,Technology,Router,3,540.0,1620.0,931.32,0.2
1023,2025-10-29,CUST-016,South,Technology,Router,13,691.85,8994.05,6679.14,0.0
2220,2025-10-29,CUST-016,South,Technology,Laptop,1,119.59,119.59,90.24,0.1
3382,2025-10-29,CUST-044,North,Furniture,Desk,4,235.71,942.84,555.72,0.0
1903,2025-10-30,CUST-005,South,Office,Pens,13,367.79,4781.27,4129.97,0.0
2685,2025-10-30,CUST-037,West,Furniture,Chair,10,233.93,2339.3,1506.7,0.0
2656,2025-10-30,CUST-040,North,Technology,Laptop,10,387.36,3873.6,3374.2,0.0
1575,2025-10-31,CUST-029,North,Technology,Router,8,266.53,2132.24,1904.56,0.15
1399,2025-10-31,CUST-035,East,Technology,Router,9,190.46,1714.14,1197.81,0.15
3289,2025-10-31,CUST-060,North,Technology,Phone,6,61.43,368.58,262.74,0.05
1035,2025-10-31,CUST-019,West,Technology,Router,14,443.71,6211.94,4074.28,0.2
3214,2025-10-31,CUST-013,South,Furniture,Table,4,24.44,97.76,80.32,0.2
2467,2025-10-31,CUST-031,West,Office,Stapler,10,638.93,6389.3,4259.8,0.2
3799,2025-10-31,CUST-038,North,Furniture,Chair,1,766.45,766.45,490.34,0.15
3629,2025-11-01,CUST-055,South,Furniture,Bookcase,12,316.79,3801.48,3143.28,0.2
1414,2025-11-01,CUST-059,East,Technology,Phone,3,702.05,2106.15,1804.56,0.0
2429,2025-11-01,CUST-057,East,Technology,Monitor,11,599.22,6591.42,3902.91,0.1
1746,2025-11-02,CUST-004,South,Furniture,Desk,10,579.92,5799.2,3216.1,0.0
1669,2025-11-02,CUST-024,East,Technology,Laptop,12,319.77,3837.24,3432.6,0.1
1441,2025-11-02,CUST-024,East,Furniture,Desk,3,746.3,2238.9,1903.32,0.1
2753,2025-11-02,CUST-028,East,Office,Paper,5,233.76,1168.8,725.75,0.0
2690,2025-11-02,CUST-056,East,Furniture,Desk,4,511.66,2046.64,1230.88,0.1
1895,2025-11-03,CUST-017,West,Technology,Laptop,1,503.13,503.13,286.74,0.1
1226,2025-11-03,CUST-017,West,Office,Paper,6,635.05,3810.3,2555.52,0.15
3183,2025-11-03,CUST-054,East,Furniture,Table,3,778.87,2336.61,1756.83,0.0
3545,2025-11-03,CUST-058,South,Office,Stapler,8,324.59,2596.72,1606.32,0.2
2407,2025-11-03,CUST-058,South,Technology,Router,2,732.23,1464.46,809.0,0.2
3222,2025-11-03,CUST-013,South,Furniture,Bookcase,9,225.15,2026.35,1161.9,0.2
1434,2025-11-04,CUST-060,North,Furniture,Chair,8,497.59,3980.72,2266.08,0.15
1349,2025-11-04,CUST-018,South,Technology,Laptop,11,741.96,8161.56,7057.82,0.1
3346,2025-11-04,CUST-031,West,Technology,Laptop,3,746.24,2238.72,1804.08,0.0
3859,2025-11-04,CUST-058,South,Technology,Phone,6,769.93,4619.58,3043.62,0.0
3406,2025-11-04,CUST-052,East,Furniture,Desk,1,391.29,391.29,253.16,0.0
2222,2025-11-04,CUST-020,East,Office,Pens,5,307.69,1538.45,850.5,0.1
3683,2025-11-05,CUST-015,North,Furniture,Table,6,103.47,620.82,543.72,0.1
1424,2025-11-05,CUST-036,North,Office,Pens,13,754.2,9804.6,5484.57,0.2
1741,2025-11-05,CUST-057,East,Technology,Phone,13,503.75,6548.75,4336.8,0.0
1164,2025-11-05,CUST-029,North,Office,Binders,10,53.82,538.2,443.5,0.2
1140,2025-11-05,CUST-025,East,Office,Pens,10,250.78,2507.8,1993.1,0.0
3920,2025-11-06,CUST-051,West,Technology,Phone,3,580.93,1742.79,1548.0,0.0
3042,2025-11-06,CUST-003,East,Furniture,Chair,15,786.23,11793.45,8469.45,0.2
1638,2025-11-06,CUST-049,South,Office,Binders,8,144.19,1153.52,863.12,0.1
2282,2025-11-06,CUST-014,South,Furniture,Chair,14,515.14,7211.96,5286.4,0.15
1809,2025-11-06,CUST-011,North,Furniture,Table,1,619.24,619.24,538.3,0.1
3083,2025-11-06,CUST-029,North,Furniture,Table,1,175.54,175.54,117.29,0.0
3080,2025-11-06,CUST-009,West,Office,Binders,4,189.23,756.92,466.88,0.0
2959,2025-11-06,CUST-013,South,Technology,Monitor,9,121.25,1091.25,960.12,0.0
1317,2025-11-07,CUST-010,North,Furniture,Desk,15,702.66,10539.9,8620.8,0.0
3667,2025-11-07,CUST-052,East,Technology,Laptop,12,661.59,7939.08,5100.36,0.05
1885,2025-11-07,CUST-039,West,Technology,Router,13,795.0,10335.0,8470.8,0.0
2609,2025-11-07,CUST-019,West,Office,Paper,1,400.93,400.93,221.23,0.0
2922,2025-11-07,CUST-013,South,Office,Paper,8,211.28,1690.24,1268.48,0.2
2424,2025-11-07,CUST-027,South,Technology,Phone,15,57.09,856.35,483.3,0.0
3624,2025-11-07,CUST-019,West,Office,Binders,7,316.62,2216.34,1380.68,0.0
3251,2025-11-07,CUST-018,South,Technology,Laptop,15,599.56,8993.4,6278.7,0.0
2144,2025-11-07,CUST-026,South,Technology,Monitor,15,468.15,7022.25,6265.35,0.15
3749,2025-11-07,CUST-021,North,Technology,Laptop,3,438.57,1315.71,1165.89,0.1
3202,2025-11-08,CUST-005,South,Technology,Phone,8,761.79,6094.32,4251.84,0.0
1553,2025-11-08,CUST-045,North,Technology,Monitor,12,554.88,6658.56,3683.88,0.05
2962,2025-11-08,CUST-038,North,Office,Pens,13,721.64,9381.32,6236.49,0.0
1204,2025-11-09,CUST-022,South,Technology,Monitor,15,292.86,4392.9,3903.9,0.15
2058,2025-11-09,CUST-053,West,Furniture,Chair,11,774.11,8515.21,6488.9,0.2
3093,2025-11-10,CUST-041,East,Furniture,Bookcase,12,681.44,8177.28,5211.24,0.0
3988,2025-11-10,CUST-012,North,Furniture,Table,4,531.7,2126.8,1183.68,0.0
1777,2025-11-10,CUST-036,North,Furniture,Desk,12,565.03,6780.36,3772.8,0.1
3221,2025-11-11,CUST-033,East,Technology,Monitor,2,38.81,77.62,45.04,0.0
2169,2025-11-11,CUST-043,South,Furniture,Desk,14,587.73,8228.22,4782.68,0.1
3358,2025-11-11,CUST-013,South,Technology,Laptop,8,166.7,1333.6,1000.0,0.0
2343,2025-11-12,CUST-015,North,Office,Pens,11,391.52,4306.72,3721.52,0.0
3958,2025-11-12,CUST-001,North,Technology,Router,9,382.13,3439.17,2260.08,0.1
2992,2025-11-12,CUST-001,North,Technology,Router,4,476.91,1907.64,1197.0,0.05
1727,2025-11-12,CUST-016,South,Office,Paper,4,379.45,1517.8,1244.36,0.1
3108,2025-11-13,CUST-032,North,Furniture,Bookcase,2,732.42,1464.84,1276.72,0.0
3887,2025-11-13,CUST-057,East,Technology,Phone,8,779.8,6238.4,3838.64,0.0
1301,2025-11-14,CUST-020,East,Office,Paper,5,529.87,2649.35,2099.55,0.0
2527,2025-11-14,CUST-048,North,Office,Paper,11,366.4,4030.4,3036.66,0.0
1898,2025-11-14,CUST-043,South,Technology,Router,15,796.29,11944.35,9785.7,0.15
2796,2025-11-14,CUST-011,North,Office,Pens,9,31.05,279.45,218.7,0.05
2735,2025-11-15,CUST-031,West,Office,Binders,15,254.08,3811.2,2405.55,0.0
2961,2025-11-15,CUST-015,North,Furniture,Desk,12,534.31,6411.72,4263.96,0.05
3433,2025-11-15,CUST-019,West,Furniture,Bookcase,3,86.33,258.99,216.12,0.1
2726,2025-11-15,CUST-029,North,Furniture,Table,5,87.75,438.75,262.3,0.0
3889,2025-11-15,CUST-052,East,Office,Binders,2,81.37,162.74,137.04,0.2
3677,2025-11-15,CUST-025,East,Office,Paper,5,484.63,2423.15,1410.35,0.15
3748,2025-11-16,CUST-046,South,Office,Paper,1,520.59,520.59,404.92,0.2
3665,2025-11-16,CUST-054,East,Technology,Phone,7,162.75,1139.25,920.43,0.1
1288,2025-11-16,CUST-018,South,Technology,Laptop,10,597.89,5978.9,3789.1,0.0
3593,2025-11-16,CUST-056,East,Office,Paper,6,131.11,786.66,457.5,0.2
1045,2025-11-16,CUST-057,East,Furniture,Chair,3,594.52,1783.56,1188.33,0.05
1945,2025-11-16,CUST-009,West,Furniture,Bookcase,4,525.16,2100.64,1222.04,0.05
3645,2025-11-17,CUST-032,North,Technology,Router,9,53.25,479.25,265.77,0.0
1848,2025-11-17,CUST-054,East,Office,Stapler,10,297.39,2973.9,1981.6,0.0
1486,2025-11-17,CUST-023,West,Furniture,Desk,11,710.55,7816.05,4541.57,0.15
2170,2025-11-17,CUST-040,North,Furniture,Table,4,722.19,2888.76,1931.56,0.0
2561,2025-11-18,CUST-014,South,Technology,Phone,12,494.17,5930.04,5094.96,0.2
3847,2025-11-18,CUST-020,East,Technology,Router,1,200.14,200.14,169.14,0.05
3184,2025-11-18,CUST-005,South,Furniture,Bookcase,12,393.75,4725.0,3924.96,0.0
2849,2025-11-18,CUST-049,South,Furniture,Bookcase,12,557.31,6687.72,4113.0,0.1
1323,2025-11-18,CUST-041,East,Office,Stapler,9,406.58,3659.22,3257.82,0.15
1974,2025-11-18,CUST-051,West,Furniture,Desk,1,85.2,85.2,72.19,0.15
1590,2025-11-19,CUST-041,East,Technology,Monitor,4,506.85,2027.4,1321.28,0.0
2982,2025-11-19,CUST-015,North,Furniture,Desk,15,333.12,4996.8,4017.9,0.1
1583,2025-11-19,CUST-053,West,Technology,Phone,2,610.58,1221.16,691.52,0.15
2995,2025-11-19,CUST-007,North,Office,Paper,2,774.05,1548.1,980.74,0.1
3620,2025-11-20,CUST-030,North,Furniture,Table,13,534.94,6954.22,3954.99,0.1
1020,2025-11-20,CUST-043,South,Furniture,Bookcase,7,340.66,2384.62,2032.52,0.0
2905,2025-11-20,CUST-001,North,Furniture,Table,8,147.24,1177.92,674.88,0.05
2531,2025-11-20,CUST-018,South,Office,Pens,5,674.02,3370.1,2791.45,0.05
2339,2025-11-20,CUST-056,East,Office,Paper,3,408.38,1225.14,711.18,0.2
1765,2025-11-20,CUST-003,East,Furniture,Desk,6,411.87,2471.22,1550.16,0.0
2074,2025-11-20,CUST-037,West,Technology,Laptop,12,430.15,5161.8,4236.12,0.05
2112,2025-11-20,CUST-059,East,Technology,Monitor,3,81.01,243.03,217.2,0.0
3515,2025-11-21,CUST-011,North,Office,Paper,13,626.64,8146.32,4545.32,0.1
1751,2025-11-21,CUST-036,North,Office,Stapler,12,102.3,1227.6,949.56,0.0
2825,2025-11-21,CUST-009,West,Furniture,Desk,7,623.14,4361.98,3770.06,0.2
1592,2025-11-21,CUST-049,South,Furniture,Table,10,465.1,4651.0,3644.1,0.05
1596,2025-11-22,CUST-049,South,Office,Paper,6,654.94,3929.64,2302.26,0.2
2183,2025-11-22,CUST-002,North,Furniture,Desk,15,711.2,10668.0,6872.4,0.1
2034,2025-11-22,CUST-037,West,Furniture,Bookcase,10,96.23,962.3,693.7,0.15
3908,2025-11-23,CUST-004,South,Technology,Router,4,521.4,2085.6,1266.52,0.15
2767,2025-11-23,CUST-027,South,Furniture,Chair,5,111.71,558.55,501.85,0.15
1685,2025-11-23,CUST-054,East,Technology,Phone,3,627.57,1882.71,1114.47,0.0
1570,2025-11-23,CUST-040,North,Technology,Router,11,586.79,6454.69,4638.81,0.15
1147,2025-11-23,CUST-048,North,Furniture,Chair,8,771.06,6168.48,3696.56,0.0
3841,2025-11-24,CUST-001,North,Office,Paper,10,51.07,510.7,440.9,0.05
1055,2025-11-24,CUST-021,North,Furniture,Bookcase,9,119.28,1073.52,748.44,0.05
2903,2025-11-25,CUST-019,West,Office,Pens,5,696.46,3482.3,2218.75,0.0
2681,2025-11-25,CUST-056,East,Furniture,Chair,13,105.18,1367.34,937.82,0.15
2336,2025-11-25,CUST-002,North,Office,Pens,14,55.69,779.66,649.18,0.0
3518,2025-11-25,CUST-030,North,Office,Paper,8,28.3,226.4,191.84,0.0
2178,2025-11-25,CUST-010,North,Technology,Phone,13,89.91,1168.83,768.3,0.05
2389,2025-11-25,CUST-007,North,Technology,Monitor,6,758.28,4549.68,3122.64,0.0
1918,2025-11-25,CUST-032,North,Office,Binders,2,647.47,1294.94,905.38,0.2
2203,2025-11-25,CUST-060,North,Office,Binders,15,428.0,6420.0,5288.7,0.0
3844,2025-11-25,CUST-026,South,Furniture,Desk,13,126.14,1639.82,1434.29,0.0
2012,2025-11-26,CUST-019,West,Furniture,Desk,14,74.3,1040.2,878.36,0.05
1237,2025-11-26,CUST-028,East,Furniture,Chair,2,543.52,1087.04,752.42,0.1
1863,2025-11-26,CUST-037,West,Furniture,Desk,4,551.58,2206.32,1457.96,0.1
2520,2025-11-26,CUST-027,South,Office,Binders,10,314.49,3144.9,2112.8,0.0
3557,2025-11-27,CUST-058,South,Office,Paper,6,335.82,2014.92,1292.1,0.15
3201,2025-11-27,CUST-002,North,Technology,Laptop,5,114.44,572.2,351.9,0.2
1535,2025-11-27,CUST-031,West,Technology,Phone,12,650.51,7806.12,6377.76,0.0
1538,2025-11-28,CUST-004,South,Office,Paper,8,713.75,5710.0,4140.72,0.2
1281,2025-11-28,CUST-059,East,Office,Pens,9,296.34,2667.06,2187.54,0.15
1244,2025-11-29,CUST-055,South,Technology,Router,3,720.97,2162.91,1526.55,0.0
3374,2025-11-29,CUST-041,East,Technology,Router,4,588.42,2353.68,1398.88,0.15
3816,2025-11-29,CUST-007,North,Office,Paper,3,276.26,828.78,541.38,0.05
3303,2025-11-29,CUST-017,West,Office,Pens,11,538.65,5925.15,4351.16,0.15
3818,2025-11-29,CUST-059,East,Technology,Phone,14,737.54,10325.56,6647.76,0.0
3215,2025-11-30,CUST-058,South,Technology,Router,1,255.78,255.78,160.68,0.2
3708,2025-11-30,CUST-045,North,Furniture,Chair,6,108.44,650.64,465.9,0.05
2249,2025-11-30,CUST-024,East,Technology,Monitor,6,173.38,1040.28,692.04,0.0
2999,2025-11-30,CUST-019,West,Furniture,Chair,12,376.17,4514.04,3890.28,0.0
3871,2025-11-30,CUST-009,West,Technology,Laptop,11,146.28,1609.08,1221.88,0.05
3637,2025-12-01,CUST-042,East,Technology,Phone,6,223.63,1341.78,1143.78,0.2
3049,2025-12-01,CUST-020,East,Furniture,Desk,6,772.07,4632.42,2632.86,0.2
2510,2025-12-01,CUST-004,South,Furniture,Table,8,186.47,1491.76,930.88,0.0
3135,2025-12-01,CUST-027,South,Furniture,Chair,5,512.58,2562.9,1713.3,0.0
3879,2025-12-02,CUST-020,East,Office,Paper,8,772.94,6183.52,4248.24,0.0
1770,2025-12-02,CUST-036,North,Office,Binders,4,75.88,303.52,249.44,0.0
3069,2025-12-02,CUST-034,East,Furniture,Desk,3,446.76,1340.28,886.11,0.0
1928,2025-12-02,CUST-050,North,Office,Binders,5,61.39,306.95,180.95,0.0
1513,2025-12-02,CUST-002,North,Furniture,Bookcase,5,238.67,1193.35,861.7,0.15
1598,2025-12-02,CUST-019,West,Office,Paper,15,317.63,4764.45,3315.15,0.2
1689,2025-12-03,CUST-052,East,Furniture,Table,9,45.4,408.6,274.41,0.2
1547,2025-12-04,CUST-020,East,Furniture,Table,12,425.82,5109.84,3747.72,0.05
3884,2025-12-04,CUST-007,North,Office,Paper,9,593.26,5339.34,4710.33,0.1
1502,2025-12-04,CUST-015,North,Office,Paper,14,321.94,4507.16,3303.3,0.1
1421,2025-12-04,CUST-029,North,Furniture,Desk,11,603.65,6640.15,5789.96,0.1
2299,2025-12-04,CUST-022,South,Technology,Monitor,9,62.18,559.62,487.53,0.0
3413,2025-12-04,CUST-003,East,Technology,Monitor,6,509.16,3054.96,2621.34,0.0
2079,2025-12-04,CUST-006,South,Technology,Router,3,699.73,2099.19,1870.47,0.05
3390,2025-12-05,CUST-005,South,Office,Stapler,6,256.49,1538.94,967.26,0.0
2572,2025-12-05,CUST-017,West,Technology,Laptop,1,758.77,758.77,437.25,0.0
1274,2025-12-05,CUST-022,South,Office,Paper,7,475.29,3327.03,2757.65,0.15
1521,2025-12-06,CUST-038,North,Office,Pens,6,147.54,885.24,764.04,0.15
1413,2025-12-06,CUST-008,North,Technology,Router,8,20.53,164.24,145.44,0.0
1138,2025-12-07,CUST-011,North,Technology,Router,6,790.37,4742.22,3104.76,0.05
1995,2025-12-07,CUST-014,South,Technology,Monitor,14,166.97,2337.58,2019.64,0.1
3353,2025-12-07,CUST-059,East,Office,Paper,2,146.59,293.18,196.36,0.1
1093,2025-12-07,CUST-008,North,Office,Binders,6,113.25,679.5,501.18,0.2
1080,2025-12-08,CUST-002,North,Furniture,Table,7,754.35,5280.45,3270.82,0.1
2257,2025-12-08,CUST-022,South,Technology,Router,7,554.89,3884.23,2684.71,0.2
3368,2025-12-08,CUST-018,South,Furniture,Chair,13,575.99,7487.87,6569.29,0.2
3930,2025-12-08,CUST-021,North,Furniture,Bookcase,3,133.22,399.66,356.85,0.0
3960,2025-12-08,CUST-057,East,Technology,Router,14,177.02,2478.28,2135.56,0.05
2590,2025-12-09,CUST-015,North,Office,Stapler,7,326.45,2285.15,1432.69,0.2
3181,2025-12-09,CUST-045,North,Office,Pens,5,37.6,188.0,140.45,0.0
2932,2025-12-10,CUST-042,East,Furniture,Chair,3,525.32,1575.96,1054.2,0.1
2703,2025-12-10,CUST-022,South,Technology,Phone,4,375.54,1502.16,1219.56,0.0
1481,2025-12-11,CUST-047,East,Furniture,Table,11,267.48,2942.28,2346.52,0.1
1628,2025-12-11,CUST-005,South,Technology,Phone,8,371.5,2972.0,2275.68,0.0
2469,2025-12-11,CUST-035,East,Technology,Router,2,473.15,946.3,660.18,0.1
1923,2025-12-11,CUST-001,North,Technology,Laptop,12,528.37,6340.44,5455.44,0.05
3105,2025-12-12,CUST-002,North,Furniture,Table,4,725.54,2902.16,1982.2,0.0
2948,2025-12-12,CUST-055,South,Technology,Monitor,10,27.23,272.3,199.2,0.0
2884,2025-12-12,CUST-037,West,Office,Pens,8,576.2,4609.6,3621.52,0.0
3497,2025-12-12,CUST-053,West,Technology,Phone,7,712.08,4984.56,2947.0,0.0
2359,2025-12-13,CUST-055,South,Office,Pens,8,530.61,4244.88,3192.16,0.05
2663,2025-12-13,CUST-044,North,Office,Paper,9,396.1,3564.9,2443.68,0.05
3833,2025-12-13,CUST-004,South,Technology,Router,12,362.6,4351.2,2793.36,0.2
3866,2025-12-13,CUST-055,South,Technology,Monitor,12,362.35,4348.2,2938.08,0.0
3951,2025-12-13,CUST-009,West,Furniture,Table,11,616.42,6780.62,4821.96,0.0
1597,2025-12-13,CUST-048,North,Office,Binders,12,524.75,6297.0,4320.48,0.1
3007,2025-12-13,CUST-042,East,Office,Pens,13,456.74,5937.62,3635.45,0.1
1287,2025-12-13,CUST-048,North,Furniture,Desk,4,665.8,2663.2,1717.48,0.1
2291,2025-12-14,CUST-032,North,Technology,Monitor,5,768.05,3840.25,2918.4,0.15
3697,2025-12-14,CUST-017,West,Technology,Laptop,7,267.95,1875.65,1052.31,0.0
1153,2025-12-14,CUST-007,North,Technology,Monitor,7,373.84,2616.88,2053.38,0.15
1658,2025-12-14,CUST-028,East,Technology,Router,13,619.56,8054.28,5418.01,0.2
2322,2025-12-14,CUST-045,North,Furniture,Chair,3,656.78,1970.34,1084.77,0.0
3123,2025-12-15,CUST-001,North,Office,Paper,6,478.75,2872.5,2501.16,0.0
3314,2025-12-15,CUST-051,West,Office,Paper,3,441.49,1324.47,956.82,0.0
1342,2025-12-15,CUST-001,North,Technology,Phone,9,782.43,7041.87,3915.27,0.2
2254,2025-12-15,CUST-047,East,Furniture,Bookcase,13,86.98,1130.74,956.67,0.05
1096,2025-12-15,CUST-001,North,Office,Binders,5,55.5,277.5,157.9,0.0
2272,2025-12-15,CUST-057,East,Technology,Phone,15,509.9,7648.5,4988.1,0.0
2332,2025-12-16,CUST-040,North,Technology,Phone,14,277.6,3886.4,2273.74,0.05
1671,2025-12-16,CUST-013,South,Office,Pens,4,46.22,184.88,140.48,0.1
3961,2025-12-16,CUST-003,East,Furniture,Bookcase,1,37.98,37.98,24.14,0.0
3000,2025-12-16,CUST-023,West,Furniture,Desk,5,367.89,1839.45,1042.45,0.05
2714,2025-12-17,CUST-059,East,Furniture,Table,12,671.15,8053.8,5245.08,0.05
2923,2025-12-17,CUST-017,West,Office,Pens,12,37.04,444.48,364.56,0.0
3743,2025-12-17,CUST-058,South,Technology,Phone,14,199.02,2786.28,1830.5,0.0
2333,2025-12-17,CUST-026,South,Office,Binders,1,489.49,489.49,418.1,0.0
2630,2025-12-17,CUST-002,North,Technology,Monitor,14,600.79,8411.06,5334.56,0.1
3628,2025-12-18,CUST-039,West,Furniture,Table,3,33.35,100.05,83.85,0.0
3006,2025-12-18,CUST-011,North,Furniture,Chair,2,168.04,336.08,221.38,0.1
1883,2025-12-18,CUST-012,North,Office,Binders,11,368.39,4052.29,3374.47,0.0
1569,2025-12-18,CUST-050,North,Office,Binders,11,701.05,7711.55,5642.45,0.15
3695,2025-12-18,CUST-059,East,Furniture,Bookcase,9,418.61,3767.49,2600.37,0.2
1450,2025-12-18,CUST-018,South,Technology,Laptop,15,200.55,3008.25,2544.75,0.05
3619,2025-12-18,CUST-041,East,Technology,Monitor,2,181.65,363.3,214.82,0.15
3777,2025-12-19,CUST-045,North,Office,Binders,3,37.38,112.14,65.1,0.05
1168,2025-12-19,CUST-021,North,Furniture,Bookcase,8,414.33,3314.64,2322.16,0.2
3164,2025-12-19,CUST-003,East,Technology,Laptop,4,199.01,796.04,574.76,0.0
3751,2025-12-20,CUST-033,East,Technology,Laptop,5,794.7,3973.5,2622.8,0.1
3262,2025-12-21,CUST-032,North,Office,Stapler,14,364.91,5108.74,3177.16,0.0
2925,2025-12-21,CUST-012,North,Furniture,Table,4,379.43,1517.72,1011.64,0.15
1947,2025-12-21,CUST-050,North,Technology,Router,3,636.09,1908.27,1296.96,0.05
1386,2025-12-21,CUST-038,North,Furniture,Table,1,569.69,569.69,354.36,0.2
1403,2025-12-21,CUST-052,East,Technology,Phone,9,239.25,2153.25,1590.3,0.0
1242,2025-12-21,CUST-032,North,Office,Stapler,15,458.1,6871.5,4408.95,0.0
1492,2025-12-22,CUST-047,East,Technology,Laptop,6,483.34,2900.04,2217.9,0.05
2161,2025-12-22,CUST-053,West,Technology,Monitor,9,119.16,1072.44,856.8,0.0
2789,2025-12-22,CUST-018,South,Technology,Phone,11,393.41,4327.51,2446.62,0.15
3611,2025-12-22,CUST-033,East,Office,Stapler,6,553.21,3319.26,2631.06,0.15
2792,2025-12-23,CUST-052,East,Technology,Laptop,6,42.49,254.94,220.02,0.0
3133,2025-12-23,CUST-032,North,Office,Paper,6,769.92,4619.52,2648.94,0.0
2591,2025-12-23,CUST-018,South,Furniture,Desk,3,632.87,1898.61,1275.24,0.0
2174,2025-12-23,CUST-008,North,Office,Binders,1,234.47,234.47,145.85,0.2
1219,2025-12-23,CUST-009,West,Technology,Phone,15,667.21,10008.15,7942.65,0.0
3021,2025-12-24,CUST-011,North,Technology,Router,9,527.22,4744.98,4097.52,0.05
3036,2025-12-24,CUST-023,West,Technology,Monitor,10,311.85,3118.5,1908.3,0.05
3590,2025-12-24,CUST-030,North,Furniture,Chair,9,148.75,1338.75,957.33,0.1
3269,2025-12-25,CUST-052,East,Technology,Laptop,7,304.37,2130.59,1739.08,0.0
2191,2025-12-25,CUST-040,North,Office,Pens,15,552.04,8280.6,5547.3,0.0
2978,2025-12-26,CUST-030,North,Furniture,Desk,12,751.75,9021.0,4962.72,0.0
3140,2025-12-26,CUST-058,South,Technology,Phone,13,513.49,6675.37,5940.35,0.0
2313,2025-12-27,CUST-049,South,Furniture,Bookcase,13,732.21,9518.73,7641.53,0.1
1951,2025-12-27,CUST-003,East,Furniture,Bookcase,3,525.57,1576.71,1256.16,0.1
3723,2025-12-27,CUST-009,West,Furniture,Chair,7,41.64,291.48,168.35,0.0
2795,2025-12-27,CUST-042,East,Office,Paper,6,673.07,4038.42,3420.06,0.0
1401,2025-12-28,CUST-029,North,Technology,Monitor,4,652.35,2609.4,1972.12,0.0
2423,2025-12-29,CUST-042,East,Technology,Phone,2,230.01,460.02,298.18,0.0
1964,2025-12-29,CUST-010,North,Furniture,Bookcase,8,765.85,6126.8,4696.32,0.0
3885,2025-12-29,CUST-040,North,Technology,Router,3,518.79,1556.37,1250.58,0.2
1449,2025-12-29,CUST-007,North,Technology,Monitor,7,403.78,2826.46,1613.78,0.0
1167,2025-12-30,CUST-039,West,Technology,Laptop,3,234.51,703.53,542.82,0.1
1350,2025-12-30,CUST-003,East,Technology,Phone,1,769.95,769.95,581.67,0.2
